REF_AREA,country_name_wb,year,value,variable,indicator,label
AT,Austria,2025,,gdp_growth_pct,NY.GDP.MKTP.KD.ZG,"GDP growth, annual %"
AT,Austria,2024,-0.659089573171372,gdp_growth_pct,NY.GDP.MKTP.KD.ZG,"GDP growth, annual %"
AT,Austria,2023,-0.786244288594673,gdp_growth_pct,NY.GDP.MKTP.KD.ZG,"GDP growth, annual %"
AT,Austria,2022,5.33096379400371,gdp_growth_pct,NY.GDP.MKTP.KD.ZG,"GDP growth, annual %"
AT,Austria,2021,4.92309171717903,gdp_growth_pct,NY.GDP.MKTP.KD.ZG,"GDP growth, annual %"
AT,Austria,2020,-6.31825509209936,gdp_growth_pct,NY.GDP.MKTP.KD.ZG,"GDP growth, annual %"
AT,Austria,2019,1.75497619649288,gdp_growth_pct,NY.GDP.MKTP.KD.ZG,"GDP growth, annual %"
AT,Austria,2018,2.48422114080024,gdp_growth_pct,NY.GDP.MKTP.KD.ZG,"GDP growth, annual %"
AT,Austria,2017,2.27224992038207,gdp_growth_pct,NY.GDP.MKTP.KD.ZG,"GDP growth, annual %"
AT,Austria,2016,2.11721964494312,gdp_growth_pct,NY.GDP.MKTP.KD.ZG,"GDP growth, annual %"
AT,Austria,2015,1.30352331826198,gdp_growth_pct,NY.GDP.MKTP.KD.ZG,"GDP growth, annual %"
AT,Austria,2014,0.755798850316665,gdp_growth_pct,NY.GDP.MKTP.KD.ZG,"GDP growth, annual %"
AT,Austria,2013,-0.250726423318454,gdp_growth_pct,NY.GDP.MKTP.KD.ZG,"GDP growth, annual %"
AT,Austria,2012,0.628246239479637,gdp_growth_pct,NY.GDP.MKTP.KD.ZG,"GDP growth, annual %"
AT,Austria,2011,2.92746800169145,gdp_growth_pct,NY.GDP.MKTP.KD.ZG,"GDP growth, annual %"
AT,Austria,2010,1.80898243043663,gdp_growth_pct,NY.GDP.MKTP.KD.ZG,"GDP growth, annual %"
AT,Austria,2009,-3.58626472551299,gdp_growth_pct,NY.GDP.MKTP.KD.ZG,"GDP growth, annual %"
BE,Belgium,2025,,gdp_growth_pct,NY.GDP.MKTP.KD.ZG,"GDP growth, annual %"
BE,Belgium,2024,1.07045413019414,gdp_growth_pct,NY.GDP.MKTP.KD.ZG,"GDP growth, annual %"
BE,Belgium,2023,1.71412195515242,gdp_growth_pct,NY.GDP.MKTP.KD.ZG,"GDP growth, annual %"
BE,Belgium,2022,3.9562379757933,gdp_growth_pct,NY.GDP.MKTP.KD.ZG,"GDP growth, annual %"
BE,Belgium,2021,6.25445686466593,gdp_growth_pct,NY.GDP.MKTP.KD.ZG,"GDP growth, annual %"
BE,Belgium,2020,-4.7929839083518,gdp_growth_pct,NY.GDP.MKTP.KD.ZG,"GDP growth, annual %"
BE,Belgium,2019,2.4428900448156,gdp_growth_pct,NY.GDP.MKTP.KD.ZG,"GDP growth, annual %"
BE,Belgium,2018,1.87796847383565,gdp_growth_pct,NY.GDP.MKTP.KD.ZG,"GDP growth, annual %"
BE,Belgium,2017,1.47446761556785,gdp_growth_pct,NY.GDP.MKTP.KD.ZG,"GDP growth, annual %"
BE,Belgium,2016,1.19350273007754,gdp_growth_pct,NY.GDP.MKTP.KD.ZG,"GDP growth, annual %"
BE,Belgium,2015,1.47416433731927,gdp_growth_pct,NY.GDP.MKTP.KD.ZG,"GDP growth, annual %"
BE,Belgium,2014,1.76554038149924,gdp_growth_pct,NY.GDP.MKTP.KD.ZG,"GDP growth, annual %"
BE,Belgium,2013,0.305494549070232,gdp_growth_pct,NY.GDP.MKTP.KD.ZG,"GDP growth, annual %"
BE,Belgium,2012,0.215803612089744,gdp_growth_pct,NY.GDP.MKTP.KD.ZG,"GDP growth, annual %"
BE,Belgium,2011,1.93115502411325,gdp_growth_pct,NY.GDP.MKTP.KD.ZG,"GDP growth, annual %"
BE,Belgium,2010,2.71031150254662,gdp_growth_pct,NY.GDP.MKTP.KD.ZG,"GDP growth, annual %"
BE,Belgium,2009,-1.90644105515335,gdp_growth_pct,NY.GDP.MKTP.KD.ZG,"GDP growth, annual %"
DE,Germany,2025,,gdp_growth_pct,NY.GDP.MKTP.KD.ZG,"GDP growth, annual %"
DE,Germany,2024,-0.495851897260366,gdp_growth_pct,NY.GDP.MKTP.KD.ZG,"GDP growth, annual %"
DE,Germany,2023,-0.869647578573321,gdp_growth_pct,NY.GDP.MKTP.KD.ZG,"GDP growth, annual %"
DE,Germany,2022,1.8092581243061,gdp_growth_pct,NY.GDP.MKTP.KD.ZG,"GDP growth, annual %"
DE,Germany,2021,3.90999994204108,gdp_growth_pct,NY.GDP.MKTP.KD.ZG,"GDP growth, annual %"
DE,Germany,2020,-4.13191443239947,gdp_growth_pct,NY.GDP.MKTP.KD.ZG,"GDP growth, annual %"
DE,Germany,2019,0.977734697038784,gdp_growth_pct,NY.GDP.MKTP.KD.ZG,"GDP growth, annual %"
DE,Germany,2018,1.13569604599849,gdp_growth_pct,NY.GDP.MKTP.KD.ZG,"GDP growth, annual %"
DE,Germany,2017,2.797906720551,gdp_growth_pct,NY.GDP.MKTP.KD.ZG,"GDP growth, annual %"
DE,Germany,2016,2.22222216259371,gdp_growth_pct,NY.GDP.MKTP.KD.ZG,"GDP growth, annual %"
DE,Germany,2015,1.66300602334775,gdp_growth_pct,NY.GDP.MKTP.KD.ZG,"GDP growth, annual %"
DE,Germany,2014,2.18018602168017,gdp_growth_pct,NY.GDP.MKTP.KD.ZG,"GDP growth, annual %"
DE,Germany,2013,0.396995583779145,gdp_growth_pct,NY.GDP.MKTP.KD.ZG,"GDP growth, annual %"
DE,Germany,2012,0.463512036709204,gdp_growth_pct,NY.GDP.MKTP.KD.ZG,"GDP growth, annual %"
DE,Germany,2011,3.75796884489337,gdp_growth_pct,NY.GDP.MKTP.KD.ZG,"GDP growth, annual %"
DE,Germany,2010,4.13463778522758,gdp_growth_pct,NY.GDP.MKTP.KD.ZG,"GDP growth, annual %"
DE,Germany,2009,-5.54455451920674,gdp_growth_pct,NY.GDP.MKTP.KD.ZG,"GDP growth, annual %"
ES,Spain,2025,,gdp_growth_pct,NY.GDP.MKTP.KD.ZG,"GDP growth, annual %"
ES,Spain,2024,3.45525405630191,gdp_growth_pct,NY.GDP.MKTP.KD.ZG,"GDP growth, annual %"
ES,Spain,2023,2.46085796805582,gdp_growth_pct,NY.GDP.MKTP.KD.ZG,"GDP growth, annual %"
ES,Spain,2022,6.37031712129601,gdp_growth_pct,NY.GDP.MKTP.KD.ZG,"GDP growth, annual %"
ES,Spain,2021,6.68314420473001,gdp_growth_pct,NY.GDP.MKTP.KD.ZG,"GDP growth, annual %"
ES,Spain,2020,-10.9400706350371,gdp_growth_pct,NY.GDP.MKTP.KD.ZG,"GDP growth, annual %"
ES,Spain,2019,1.96117850841711,gdp_growth_pct,NY.GDP.MKTP.KD.ZG,"GDP growth, annual %"
ES,Spain,2018,2.39541124478878,gdp_growth_pct,NY.GDP.MKTP.KD.ZG,"GDP growth, annual %"
ES,Spain,2017,2.89604207865007,gdp_growth_pct,NY.GDP.MKTP.KD.ZG,"GDP growth, annual %"
ES,Spain,2016,2.91515598595787,gdp_growth_pct,NY.GDP.MKTP.KD.ZG,"GDP growth, annual %"
ES,Spain,2015,4.06086672473866,gdp_growth_pct,NY.GDP.MKTP.KD.ZG,"GDP growth, annual %"
ES,Spain,2014,1.52048593647231,gdp_growth_pct,NY.GDP.MKTP.KD.ZG,"GDP growth, annual %"
ES,Spain,2013,-1.42732224757626,gdp_growth_pct,NY.GDP.MKTP.KD.ZG,"GDP growth, annual %"
ES,Spain,2012,-2.86511368637748,gdp_growth_pct,NY.GDP.MKTP.KD.ZG,"GDP growth, annual %"
ES,Spain,2011,-0.639920636520344,gdp_growth_pct,NY.GDP.MKTP.KD.ZG,"GDP growth, annual %"
ES,Spain,2010,0.0941223116369514,gdp_growth_pct,NY.GDP.MKTP.KD.ZG,"GDP growth, annual %"
ES,Spain,2009,-3.76813306940053,gdp_growth_pct,NY.GDP.MKTP.KD.ZG,"GDP growth, annual %"
FI,Finland,2025,,gdp_growth_pct,NY.GDP.MKTP.KD.ZG,"GDP growth, annual %"
FI,Finland,2024,0.416171964862073,gdp_growth_pct,NY.GDP.MKTP.KD.ZG,"GDP growth, annual %"
FI,Finland,2023,-0.939093459613758,gdp_growth_pct,NY.GDP.MKTP.KD.ZG,"GDP growth, annual %"
FI,Finland,2022,0.763041912763526,gdp_growth_pct,NY.GDP.MKTP.KD.ZG,"GDP growth, annual %"
FI,Finland,2021,2.67634641498897,gdp_growth_pct,NY.GDP.MKTP.KD.ZG,"GDP growth, annual %"
FI,Finland,2020,-2.49103605535707,gdp_growth_pct,NY.GDP.MKTP.KD.ZG,"GDP growth, annual %"
FI,Finland,2019,1.34973845741737,gdp_growth_pct,NY.GDP.MKTP.KD.ZG,"GDP growth, annual %"
FI,Finland,2018,1.19297759742292,gdp_growth_pct,NY.GDP.MKTP.KD.ZG,"GDP growth, annual %"
FI,Finland,2017,3.30337003591039,gdp_growth_pct,NY.GDP.MKTP.KD.ZG,"GDP growth, annual %"
FI,Finland,2016,2.57193414898754,gdp_growth_pct,NY.GDP.MKTP.KD.ZG,"GDP growth, annual %"
FI,Finland,2015,0.466503766322674,gdp_growth_pct,NY.GDP.MKTP.KD.ZG,"GDP growth, annual %"
FI,Finland,2014,-0.4780684247837,gdp_growth_pct,NY.GDP.MKTP.KD.ZG,"GDP growth, annual %"
FI,Finland,2013,-0.979741024949618,gdp_growth_pct,NY.GDP.MKTP.KD.ZG,"GDP growth, annual %"
FI,Finland,2012,-1.52284013040689,gdp_growth_pct,NY.GDP.MKTP.KD.ZG,"GDP growth, annual %"
FI,Finland,2011,2.39039455396828,gdp_growth_pct,NY.GDP.MKTP.KD.ZG,"GDP growth, annual %"
FI,Finland,2010,3.1682879121621,gdp_growth_pct,NY.GDP.MKTP.KD.ZG,"GDP growth, annual %"
FI,Finland,2009,-8.07603116552393,gdp_growth_pct,NY.GDP.MKTP.KD.ZG,"GDP growth, annual %"
FR,France,2025,,gdp_growth_pct,NY.GDP.MKTP.KD.ZG,"GDP growth, annual %"
FR,France,2024,1.19046798275883,gdp_growth_pct,NY.GDP.MKTP.KD.ZG,"GDP growth, annual %"
FR,France,2023,1.43921494437743,gdp_growth_pct,NY.GDP.MKTP.KD.ZG,"GDP growth, annual %"
FR,France,2022,2.71676264185913,gdp_growth_pct,NY.GDP.MKTP.KD.ZG,"GDP growth, annual %"
FR,France,2021,6.88233783360239,gdp_growth_pct,NY.GDP.MKTP.KD.ZG,"GDP growth, annual %"
FR,France,2020,-7.44064589948231,gdp_growth_pct,NY.GDP.MKTP.KD.ZG,"GDP growth, annual %"
FR,France,2019,2.02744646419237,gdp_growth_pct,NY.GDP.MKTP.KD.ZG,"GDP growth, annual %"
FR,France,2018,1.64590872395887,gdp_growth_pct,NY.GDP.MKTP.KD.ZG,"GDP growth, annual %"
FR,France,2017,2.08361485997399,gdp_growth_pct,NY.GDP.MKTP.KD.ZG,"GDP growth, annual %"
FR,France,2016,0.860031075424033,gdp_growth_pct,NY.GDP.MKTP.KD.ZG,"GDP growth, annual %"
FR,France,2015,1.06675474783462,gdp_growth_pct,NY.GDP.MKTP.KD.ZG,"GDP growth, annual %"
FR,France,2014,0.997832947295251,gdp_growth_pct,NY.GDP.MKTP.KD.ZG,"GDP growth, annual %"
FR,France,2013,0.781756446231,gdp_growth_pct,NY.GDP.MKTP.KD.ZG,"GDP growth, annual %"
FR,France,2012,0.183835264973013,gdp_growth_pct,NY.GDP.MKTP.KD.ZG,"GDP growth, annual %"
FR,France,2011,2.43757653729007,gdp_growth_pct,NY.GDP.MKTP.KD.ZG,"GDP growth, annual %"
FR,France,2010,2.00032476039051,gdp_growth_pct,NY.GDP.MKTP.KD.ZG,"GDP growth, annual %"
FR,France,2009,-2.82455153714783,gdp_growth_pct,NY.GDP.MKTP.KD.ZG,"GDP growth, annual %"
GR,Greece,2025,,gdp_growth_pct,NY.GDP.MKTP.KD.ZG,"GDP growth, annual %"
GR,Greece,2024,2.0865743380603,gdp_growth_pct,NY.GDP.MKTP.KD.ZG,"GDP growth, annual %"
GR,Greece,2023,2.13591131996631,gdp_growth_pct,NY.GDP.MKTP.KD.ZG,"GDP growth, annual %"
GR,Greece,2022,5.52198580589408,gdp_growth_pct,NY.GDP.MKTP.KD.ZG,"GDP growth, annual %"
GR,Greece,2021,8.65449786002131,gdp_growth_pct,NY.GDP.MKTP.KD.ZG,"GDP growth, annual %"
GR,Greece,2020,-9.19623149726978,gdp_growth_pct,NY.GDP.MKTP.KD.ZG,"GDP growth, annual %"
GR,Greece,2019,2.27718065334808,gdp_growth_pct,NY.GDP.MKTP.KD.ZG,"GDP growth, annual %"
GR,Greece,2018,2.06467207892409,gdp_growth_pct,NY.GDP.MKTP.KD.ZG,"GDP growth, annual %"
GR,Greece,2017,1.47312472702352,gdp_growth_pct,NY.GDP.MKTP.KD.ZG,"GDP growth, annual %"
GR,Greece,2016,-0.0317947678412054,gdp_growth_pct,NY.GDP.MKTP.KD.ZG,"GDP growth, annual %"
GR,Greece,2015,-0.228301892172851,gdp_growth_pct,NY.GDP.MKTP.KD.ZG,"GDP growth, annual %"
GR,Greece,2014,0.792225060962835,gdp_growth_pct,NY.GDP.MKTP.KD.ZG,"GDP growth, annual %"
GR,Greece,2013,-2.27211699888024,gdp_growth_pct,NY.GDP.MKTP.KD.ZG,"GDP growth, annual %"
GR,Greece,2012,-8.33113421099992,gdp_growth_pct,NY.GDP.MKTP.KD.ZG,"GDP growth, annual %"
GR,Greece,2011,-9.87677875300243,gdp_growth_pct,NY.GDP.MKTP.KD.ZG,"GDP growth, annual %"
GR,Greece,2010,-5.6937412158003,gdp_growth_pct,NY.GDP.MKTP.KD.ZG,"GDP growth, annual %"
GR,Greece,2009,-4.11927606715011,gdp_growth_pct,NY.GDP.MKTP.KD.ZG,"GDP growth, annual %"
IE,Ireland,2025,,gdp_growth_pct,NY.GDP.MKTP.KD.ZG,"GDP growth, annual %"
IE,Ireland,2024,2.59946721553708,gdp_growth_pct,NY.GDP.MKTP.KD.ZG,"GDP growth, annual %"
IE,Ireland,2023,-2.53637409313261,gdp_growth_pct,NY.GDP.MKTP.KD.ZG,"GDP growth, annual %"
IE,Ireland,2022,7.51113888415304,gdp_growth_pct,NY.GDP.MKTP.KD.ZG,"GDP growth, annual %"
IE,Ireland,2021,16.2581881158197,gdp_growth_pct,NY.GDP.MKTP.KD.ZG,"GDP growth, annual %"
IE,Ireland,2020,7.15369505735335,gdp_growth_pct,NY.GDP.MKTP.KD.ZG,"GDP growth, annual %"
IE,Ireland,2019,4.97288003766816,gdp_growth_pct,NY.GDP.MKTP.KD.ZG,"GDP growth, annual %"
IE,Ireland,2018,7.68865937437435,gdp_growth_pct,NY.GDP.MKTP.KD.ZG,"GDP growth, annual %"
IE,Ireland,2017,10.1088576065965,gdp_growth_pct,NY.GDP.MKTP.KD.ZG,"GDP growth, annual %"
IE,Ireland,2016,1.22271661130947,gdp_growth_pct,NY.GDP.MKTP.KD.ZG,"GDP growth, annual %"
IE,Ireland,2015,24.6239856364006,gdp_growth_pct,NY.GDP.MKTP.KD.ZG,"GDP growth, annual %"
IE,Ireland,2014,9.38579335130922,gdp_growth_pct,NY.GDP.MKTP.KD.ZG,"GDP growth, annual %"
IE,Ireland,2013,2.1929375750029,gdp_growth_pct,NY.GDP.MKTP.KD.ZG,"GDP growth, annual %"
IE,Ireland,2012,-0.40502941658977,gdp_growth_pct,NY.GDP.MKTP.KD.ZG,"GDP growth, annual %"
IE,Ireland,2011,1.60886648916944,gdp_growth_pct,NY.GDP.MKTP.KD.ZG,"GDP growth, annual %"
IE,Ireland,2010,1.68297175486512,gdp_growth_pct,NY.GDP.MKTP.KD.ZG,"GDP growth, annual %"
IE,Ireland,2009,-5.09578277913846,gdp_growth_pct,NY.GDP.MKTP.KD.ZG,"GDP growth, annual %"
IT,Italy,2025,,gdp_growth_pct,NY.GDP.MKTP.KD.ZG,"GDP growth, annual %"
IT,Italy,2024,0.692676948440536,gdp_growth_pct,NY.GDP.MKTP.KD.ZG,"GDP growth, annual %"
IT,Italy,2023,0.975694840127005,gdp_growth_pct,NY.GDP.MKTP.KD.ZG,"GDP growth, annual %"
IT,Italy,2022,4.82117669913565,gdp_growth_pct,NY.GDP.MKTP.KD.ZG,"GDP growth, annual %"
IT,Italy,2021,8.93106210800055,gdp_growth_pct,NY.GDP.MKTP.KD.ZG,"GDP growth, annual %"
IT,Italy,2020,-8.86822122185345,gdp_growth_pct,NY.GDP.MKTP.KD.ZG,"GDP growth, annual %"
IT,Italy,2019,0.429162533780342,gdp_growth_pct,NY.GDP.MKTP.KD.ZG,"GDP growth, annual %"
IT,Italy,2018,0.826646712344115,gdp_growth_pct,NY.GDP.MKTP.KD.ZG,"GDP growth, annual %"
IT,Italy,2017,1.60369995294101,gdp_growth_pct,NY.GDP.MKTP.KD.ZG,"GDP growth, annual %"
IT,Italy,2016,1.23622108511661,gdp_growth_pct,NY.GDP.MKTP.KD.ZG,"GDP growth, annual %"
IT,Italy,2015,0.885667635240807,gdp_growth_pct,NY.GDP.MKTP.KD.ZG,"GDP growth, annual %"
IT,Italy,2014,-0.00138761730454462,gdp_growth_pct,NY.GDP.MKTP.KD.ZG,"GDP growth, annual %"
IT,Italy,2013,-1.81802510749792,gdp_growth_pct,NY.GDP.MKTP.KD.ZG,"GDP growth, annual %"
IT,Italy,2012,-3.12523877282996,gdp_growth_pct,NY.GDP.MKTP.KD.ZG,"GDP growth, annual %"
IT,Italy,2011,0.695463154440176,gdp_growth_pct,NY.GDP.MKTP.KD.ZG,"GDP growth, annual %"
IT,Italy,2010,1.52910573247101,gdp_growth_pct,NY.GDP.MKTP.KD.ZG,"GDP growth, annual %"
IT,Italy,2009,-5.30515401233991,gdp_growth_pct,NY.GDP.MKTP.KD.ZG,"GDP growth, annual %"
NL,Netherlands,2025,,gdp_growth_pct,NY.GDP.MKTP.KD.ZG,"GDP growth, annual %"
NL,Netherlands,2024,1.08100584845663,gdp_growth_pct,NY.GDP.MKTP.KD.ZG,"GDP growth, annual %"
NL,Netherlands,2023,-0.598096167209832,gdp_growth_pct,NY.GDP.MKTP.KD.ZG,"GDP growth, annual %"
NL,Netherlands,2022,5.00723455159611,gdp_growth_pct,NY.GDP.MKTP.KD.ZG,"GDP growth, annual %"
NL,Netherlands,2021,6.2768306708326,gdp_growth_pct,NY.GDP.MKTP.KD.ZG,"GDP growth, annual %"
NL,Netherlands,2020,-3.86795333823223,gdp_growth_pct,NY.GDP.MKTP.KD.ZG,"GDP growth, annual %"
NL,Netherlands,2019,2.30009157916757,gdp_growth_pct,NY.GDP.MKTP.KD.ZG,"GDP growth, annual %"
NL,Netherlands,2018,2.2587403735731,gdp_growth_pct,NY.GDP.MKTP.KD.ZG,"GDP growth, annual %"
NL,Netherlands,2017,2.78154619309936,gdp_growth_pct,NY.GDP.MKTP.KD.ZG,"GDP growth, annual %"
NL,Netherlands,2016,2.42428572955482,gdp_growth_pct,NY.GDP.MKTP.KD.ZG,"GDP growth, annual %"
NL,Netherlands,2015,2.12060523860846,gdp_growth_pct,NY.GDP.MKTP.KD.ZG,"GDP growth, annual %"
NL,Netherlands,2014,1.61261001294011,gdp_growth_pct,NY.GDP.MKTP.KD.ZG,"GDP growth, annual %"
NL,Netherlands,2013,-0.0302325600539604,gdp_growth_pct,NY.GDP.MKTP.KD.ZG,"GDP growth, annual %"
NL,Netherlands,2012,-0.977876877747732,gdp_growth_pct,NY.GDP.MKTP.KD.ZG,"GDP growth, annual %"
NL,Netherlands,2011,1.77334516269423,gdp_growth_pct,NY.GDP.MKTP.KD.ZG,"GDP growth, annual %"
NL,Netherlands,2010,1.31932032302214,gdp_growth_pct,NY.GDP.MKTP.KD.ZG,"GDP growth, annual %"
NL,Netherlands,2009,-3.66529049145096,gdp_growth_pct,NY.GDP.MKTP.KD.ZG,"GDP growth, annual %"
PT,Portugal,2025,,gdp_growth_pct,NY.GDP.MKTP.KD.ZG,"GDP growth, annual %"
PT,Portugal,2024,2.13967177177636,gdp_growth_pct,NY.GDP.MKTP.KD.ZG,"GDP growth, annual %"
PT,Portugal,2023,3.09997909018263,gdp_growth_pct,NY.GDP.MKTP.KD.ZG,"GDP growth, annual %"
PT,Portugal,2022,6.98584137580278,gdp_growth_pct,NY.GDP.MKTP.KD.ZG,"GDP growth, annual %"
PT,Portugal,2021,5.55875672070374,gdp_growth_pct,NY.GDP.MKTP.KD.ZG,"GDP growth, annual %"
PT,Portugal,2020,-8.20463159324387,gdp_growth_pct,NY.GDP.MKTP.KD.ZG,"GDP growth, annual %"
PT,Portugal,2019,2.74568432648596,gdp_growth_pct,NY.GDP.MKTP.KD.ZG,"GDP growth, annual %"
PT,Portugal,2018,2.94628343449202,gdp_growth_pct,NY.GDP.MKTP.KD.ZG,"GDP growth, annual %"
PT,Portugal,2017,3.31472008175986,gdp_growth_pct,NY.GDP.MKTP.KD.ZG,"GDP growth, annual %"
PT,Portugal,2016,2.00414129666575,gdp_growth_pct,NY.GDP.MKTP.KD.ZG,"GDP growth, annual %"
PT,Portugal,2015,1.58979803702681,gdp_growth_pct,NY.GDP.MKTP.KD.ZG,"GDP growth, annual %"
PT,Portugal,2014,0.741391420706506,gdp_growth_pct,NY.GDP.MKTP.KD.ZG,"GDP growth, annual %"
PT,Portugal,2013,-0.984106574148328,gdp_growth_pct,NY.GDP.MKTP.KD.ZG,"GDP growth, annual %"
PT,Portugal,2012,-4.05090267621935,gdp_growth_pct,NY.GDP.MKTP.KD.ZG,"GDP growth, annual %"
PT,Portugal,2011,-1.71352745905065,gdp_growth_pct,NY.GDP.MKTP.KD.ZG,"GDP growth, annual %"
PT,Portugal,2010,1.73762453640036,gdp_growth_pct,NY.GDP.MKTP.KD.ZG,"GDP growth, annual %"
PT,Portugal,2009,-3.12207827545093,gdp_growth_pct,NY.GDP.MKTP.KD.ZG,"GDP growth, annual %"
SK,Slovak Republic,2025,,gdp_growth_pct,NY.GDP.MKTP.KD.ZG,"GDP growth, annual %"
SK,Slovak Republic,2024,1.93867445549446,gdp_growth_pct,NY.GDP.MKTP.KD.ZG,"GDP growth, annual %"
SK,Slovak Republic,2023,2.11263633214959,gdp_growth_pct,NY.GDP.MKTP.KD.ZG,"GDP growth, annual %"
SK,Slovak Republic,2022,0.544591632137454,gdp_growth_pct,NY.GDP.MKTP.KD.ZG,"GDP growth, annual %"
SK,Slovak Republic,2021,5.6558588065555,gdp_growth_pct,NY.GDP.MKTP.KD.ZG,"GDP growth, annual %"
SK,Slovak Republic,2020,-2.58551241733207,gdp_growth_pct,NY.GDP.MKTP.KD.ZG,"GDP growth, annual %"
SK,Slovak Republic,2019,2.27589910019393,gdp_growth_pct,NY.GDP.MKTP.KD.ZG,"GDP growth, annual %"
SK,Slovak Republic,2018,4.06211981896483,gdp_growth_pct,NY.GDP.MKTP.KD.ZG,"GDP growth, annual %"
SK,Slovak Republic,2017,2.87473327453695,gdp_growth_pct,NY.GDP.MKTP.KD.ZG,"GDP growth, annual %"
SK,Slovak Republic,2016,1.94781841524558,gdp_growth_pct,NY.GDP.MKTP.KD.ZG,"GDP growth, annual %"
SK,Slovak Republic,2015,5.17687909722133,gdp_growth_pct,NY.GDP.MKTP.KD.ZG,"GDP growth, annual %"
SK,Slovak Republic,2014,2.70795151449488,gdp_growth_pct,NY.GDP.MKTP.KD.ZG,"GDP growth, annual %"
SK,Slovak Republic,2013,0.703323545247201,gdp_growth_pct,NY.GDP.MKTP.KD.ZG,"GDP growth, annual %"
SK,Slovak Republic,2012,1.56917104702706,gdp_growth_pct,NY.GDP.MKTP.KD.ZG,"GDP growth, annual %"
SK,Slovak Republic,2011,2.56242473215553,gdp_growth_pct,NY.GDP.MKTP.KD.ZG,"GDP growth, annual %"
SK,Slovak Republic,2010,6.79058159142423,gdp_growth_pct,NY.GDP.MKTP.KD.ZG,"GDP growth, annual %"
SK,Slovak Republic,2009,-5.50533790972226,gdp_growth_pct,NY.GDP.MKTP.KD.ZG,"GDP growth, annual %"
AT,Austria,2025,5.582,unemployment_pct,SL.UEM.TOTL.ZS,"Unemployment rate, annual %"
AT,Austria,2024,5.2,unemployment_pct,SL.UEM.TOTL.ZS,"Unemployment rate, annual %"
AT,Austria,2023,5.264,unemployment_pct,SL.UEM.TOTL.ZS,"Unemployment rate, annual %"
AT,Austria,2022,4.992,unemployment_pct,SL.UEM.TOTL.ZS,"Unemployment rate, annual %"
AT,Austria,2021,6.459,unemployment_pct,SL.UEM.TOTL.ZS,"Unemployment rate, annual %"
AT,Austria,2020,5.201,unemployment_pct,SL.UEM.TOTL.ZS,"Unemployment rate, annual %"
AT,Austria,2019,4.56,unemployment_pct,SL.UEM.TOTL.ZS,"Unemployment rate, annual %"
AT,Austria,2018,4.933,unemployment_pct,SL.UEM.TOTL.ZS,"Unemployment rate, annual %"
AT,Austria,2017,5.561,unemployment_pct,SL.UEM.TOTL.ZS,"Unemployment rate, annual %"
AT,Austria,2016,6.064,unemployment_pct,SL.UEM.TOTL.ZS,"Unemployment rate, annual %"
AT,Austria,2015,5.802,unemployment_pct,SL.UEM.TOTL.ZS,"Unemployment rate, annual %"
AT,Austria,2014,5.674,unemployment_pct,SL.UEM.TOTL.ZS,"Unemployment rate, annual %"
AT,Austria,2013,5.367,unemployment_pct,SL.UEM.TOTL.ZS,"Unemployment rate, annual %"
AT,Austria,2012,4.909,unemployment_pct,SL.UEM.TOTL.ZS,"Unemployment rate, annual %"
AT,Austria,2011,4.637,unemployment_pct,SL.UEM.TOTL.ZS,"Unemployment rate, annual %"
AT,Austria,2010,4.883,unemployment_pct,SL.UEM.TOTL.ZS,"Unemployment rate, annual %"
AT,Austria,2009,5.371,unemployment_pct,SL.UEM.TOTL.ZS,"Unemployment rate, annual %"
BE,Belgium,2025,5.906,unemployment_pct,SL.UEM.TOTL.ZS,"Unemployment rate, annual %"
BE,Belgium,2024,5.7,unemployment_pct,SL.UEM.TOTL.ZS,"Unemployment rate, annual %"
BE,Belgium,2023,5.547,unemployment_pct,SL.UEM.TOTL.ZS,"Unemployment rate, annual %"
BE,Belgium,2022,5.57,unemployment_pct,SL.UEM.TOTL.ZS,"Unemployment rate, annual %"
BE,Belgium,2021,6.248,unemployment_pct,SL.UEM.TOTL.ZS,"Unemployment rate, annual %"
BE,Belgium,2020,5.545,unemployment_pct,SL.UEM.TOTL.ZS,"Unemployment rate, annual %"
BE,Belgium,2019,5.364,unemployment_pct,SL.UEM.TOTL.ZS,"Unemployment rate, annual %"
BE,Belgium,2018,5.941,unemployment_pct,SL.UEM.TOTL.ZS,"Unemployment rate, annual %"
BE,Belgium,2017,7.09,unemployment_pct,SL.UEM.TOTL.ZS,"Unemployment rate, annual %"
BE,Belgium,2016,7.83,unemployment_pct,SL.UEM.TOTL.ZS,"Unemployment rate, annual %"
BE,Belgium,2015,8.482,unemployment_pct,SL.UEM.TOTL.ZS,"Unemployment rate, annual %"
BE,Belgium,2014,8.523,unemployment_pct,SL.UEM.TOTL.ZS,"Unemployment rate, annual %"
BE,Belgium,2013,8.425,unemployment_pct,SL.UEM.TOTL.ZS,"Unemployment rate, annual %"
BE,Belgium,2012,7.542,unemployment_pct,SL.UEM.TOTL.ZS,"Unemployment rate, annual %"
BE,Belgium,2011,7.14,unemployment_pct,SL.UEM.TOTL.ZS,"Unemployment rate, annual %"
BE,Belgium,2010,8.293,unemployment_pct,SL.UEM.TOTL.ZS,"Unemployment rate, annual %"
BE,Belgium,2009,7.908,unemployment_pct,SL.UEM.TOTL.ZS,"Unemployment rate, annual %"
DE,Germany,2025,3.711,unemployment_pct,SL.UEM.TOTL.ZS,"Unemployment rate, annual %"
DE,Germany,2024,3.4,unemployment_pct,SL.UEM.TOTL.ZS,"Unemployment rate, annual %"
DE,Germany,2023,3.071,unemployment_pct,SL.UEM.TOTL.ZS,"Unemployment rate, annual %"
DE,Germany,2022,3.137,unemployment_pct,SL.UEM.TOTL.ZS,"Unemployment rate, annual %"
DE,Germany,2021,3.594,unemployment_pct,SL.UEM.TOTL.ZS,"Unemployment rate, annual %"
DE,Germany,2020,3.881,unemployment_pct,SL.UEM.TOTL.ZS,"Unemployment rate, annual %"
DE,Germany,2019,3.163,unemployment_pct,SL.UEM.TOTL.ZS,"Unemployment rate, annual %"
DE,Germany,2018,3.384,unemployment_pct,SL.UEM.TOTL.ZS,"Unemployment rate, annual %"
DE,Germany,2017,3.781,unemployment_pct,SL.UEM.TOTL.ZS,"Unemployment rate, annual %"
DE,Germany,2016,4.104,unemployment_pct,SL.UEM.TOTL.ZS,"Unemployment rate, annual %"
DE,Germany,2015,4.612,unemployment_pct,SL.UEM.TOTL.ZS,"Unemployment rate, annual %"
DE,Germany,2014,4.979,unemployment_pct,SL.UEM.TOTL.ZS,"Unemployment rate, annual %"
DE,Germany,2013,5.316,unemployment_pct,SL.UEM.TOTL.ZS,"Unemployment rate, annual %"
DE,Germany,2012,5.372,unemployment_pct,SL.UEM.TOTL.ZS,"Unemployment rate, annual %"
DE,Germany,2011,5.967,unemployment_pct,SL.UEM.TOTL.ZS,"Unemployment rate, annual %"
DE,Germany,2010,7.043,unemployment_pct,SL.UEM.TOTL.ZS,"Unemployment rate, annual %"
DE,Germany,2009,7.88,unemployment_pct,SL.UEM.TOTL.ZS,"Unemployment rate, annual %"
ES,Spain,2025,10.376,unemployment_pct,SL.UEM.TOTL.ZS,"Unemployment rate, annual %"
ES,Spain,2024,11.4,unemployment_pct,SL.UEM.TOTL.ZS,"Unemployment rate, annual %"
ES,Spain,2023,12.179,unemployment_pct,SL.UEM.TOTL.ZS,"Unemployment rate, annual %"
ES,Spain,2022,13.033,unemployment_pct,SL.UEM.TOTL.ZS,"Unemployment rate, annual %"
ES,Spain,2021,14.914,unemployment_pct,SL.UEM.TOTL.ZS,"Unemployment rate, annual %"
ES,Spain,2020,15.532,unemployment_pct,SL.UEM.TOTL.ZS,"Unemployment rate, annual %"
ES,Spain,2019,14.104,unemployment_pct,SL.UEM.TOTL.ZS,"Unemployment rate, annual %"
ES,Spain,2018,15.255,unemployment_pct,SL.UEM.TOTL.ZS,"Unemployment rate, annual %"
ES,Spain,2017,17.224,unemployment_pct,SL.UEM.TOTL.ZS,"Unemployment rate, annual %"
ES,Spain,2016,19.635,unemployment_pct,SL.UEM.TOTL.ZS,"Unemployment rate, annual %"
ES,Spain,2015,22.057,unemployment_pct,SL.UEM.TOTL.ZS,"Unemployment rate, annual %"
ES,Spain,2014,24.441,unemployment_pct,SL.UEM.TOTL.ZS,"Unemployment rate, annual %"
ES,Spain,2013,26.094,unemployment_pct,SL.UEM.TOTL.ZS,"Unemployment rate, annual %"
ES,Spain,2012,24.789,unemployment_pct,SL.UEM.TOTL.ZS,"Unemployment rate, annual %"
ES,Spain,2011,21.39,unemployment_pct,SL.UEM.TOTL.ZS,"Unemployment rate, annual %"
ES,Spain,2010,19.86,unemployment_pct,SL.UEM.TOTL.ZS,"Unemployment rate, annual %"
ES,Spain,2009,17.857,unemployment_pct,SL.UEM.TOTL.ZS,"Unemployment rate, annual %"
FI,Finland,2025,9.461,unemployment_pct,SL.UEM.TOTL.ZS,"Unemployment rate, annual %"
FI,Finland,2024,8.4,unemployment_pct,SL.UEM.TOTL.ZS,"Unemployment rate, annual %"
FI,Finland,2023,7.149,unemployment_pct,SL.UEM.TOTL.ZS,"Unemployment rate, annual %"
FI,Finland,2022,6.719,unemployment_pct,SL.UEM.TOTL.ZS,"Unemployment rate, annual %"
FI,Finland,2021,7.617,unemployment_pct,SL.UEM.TOTL.ZS,"Unemployment rate, annual %"
FI,Finland,2020,7.759,unemployment_pct,SL.UEM.TOTL.ZS,"Unemployment rate, annual %"
FI,Finland,2019,6.695,unemployment_pct,SL.UEM.TOTL.ZS,"Unemployment rate, annual %"
FI,Finland,2018,7.361,unemployment_pct,SL.UEM.TOTL.ZS,"Unemployment rate, annual %"
FI,Finland,2017,8.64,unemployment_pct,SL.UEM.TOTL.ZS,"Unemployment rate, annual %"
FI,Finland,2016,8.818,unemployment_pct,SL.UEM.TOTL.ZS,"Unemployment rate, annual %"
FI,Finland,2015,9.376,unemployment_pct,SL.UEM.TOTL.ZS,"Unemployment rate, annual %"
FI,Finland,2014,8.663,unemployment_pct,SL.UEM.TOTL.ZS,"Unemployment rate, annual %"
FI,Finland,2013,8.193,unemployment_pct,SL.UEM.TOTL.ZS,"Unemployment rate, annual %"
FI,Finland,2012,7.689,unemployment_pct,SL.UEM.TOTL.ZS,"Unemployment rate, annual %"
FI,Finland,2011,7.781,unemployment_pct,SL.UEM.TOTL.ZS,"Unemployment rate, annual %"
FI,Finland,2010,8.394,unemployment_pct,SL.UEM.TOTL.ZS,"Unemployment rate, annual %"
FI,Finland,2009,8.249,unemployment_pct,SL.UEM.TOTL.ZS,"Unemployment rate, annual %"
FR,France,2025,7.542,unemployment_pct,SL.UEM.TOTL.ZS,"Unemployment rate, annual %"
FR,France,2024,7.4,unemployment_pct,SL.UEM.TOTL.ZS,"Unemployment rate, annual %"
FR,France,2023,7.335,unemployment_pct,SL.UEM.TOTL.ZS,"Unemployment rate, annual %"
FR,France,2022,7.303,unemployment_pct,SL.UEM.TOTL.ZS,"Unemployment rate, annual %"
FR,France,2021,7.871,unemployment_pct,SL.UEM.TOTL.ZS,"Unemployment rate, annual %"
FR,France,2020,8.009,unemployment_pct,SL.UEM.TOTL.ZS,"Unemployment rate, annual %"
FR,France,2019,8.415,unemployment_pct,SL.UEM.TOTL.ZS,"Unemployment rate, annual %"
FR,France,2018,9.018,unemployment_pct,SL.UEM.TOTL.ZS,"Unemployment rate, annual %"
FR,France,2017,9.409,unemployment_pct,SL.UEM.TOTL.ZS,"Unemployment rate, annual %"
FR,France,2016,10.057,unemployment_pct,SL.UEM.TOTL.ZS,"Unemployment rate, annual %"
FR,France,2015,10.354,unemployment_pct,SL.UEM.TOTL.ZS,"Unemployment rate, annual %"
FR,France,2014,10.273,unemployment_pct,SL.UEM.TOTL.ZS,"Unemployment rate, annual %"
FR,France,2013,9.913,unemployment_pct,SL.UEM.TOTL.ZS,"Unemployment rate, annual %"
FR,France,2012,9.841,unemployment_pct,SL.UEM.TOTL.ZS,"Unemployment rate, annual %"
FR,France,2011,9.228,unemployment_pct,SL.UEM.TOTL.ZS,"Unemployment rate, annual %"
FR,France,2010,9.279,unemployment_pct,SL.UEM.TOTL.ZS,"Unemployment rate, annual %"
FR,France,2009,9.122,unemployment_pct,SL.UEM.TOTL.ZS,"Unemployment rate, annual %"
GR,Greece,2025,8.54,unemployment_pct,SL.UEM.TOTL.ZS,"Unemployment rate, annual %"
GR,Greece,2024,10.02,unemployment_pct,SL.UEM.TOTL.ZS,"Unemployment rate, annual %"
GR,Greece,2023,11.023,unemployment_pct,SL.UEM.TOTL.ZS,"Unemployment rate, annual %"
GR,Greece,2022,12.426,unemployment_pct,SL.UEM.TOTL.ZS,"Unemployment rate, annual %"
GR,Greece,2021,14.656,unemployment_pct,SL.UEM.TOTL.ZS,"Unemployment rate, annual %"
GR,Greece,2020,15.899,unemployment_pct,SL.UEM.TOTL.ZS,"Unemployment rate, annual %"
GR,Greece,2019,17.045,unemployment_pct,SL.UEM.TOTL.ZS,"Unemployment rate, annual %"
GR,Greece,2018,19.179,unemployment_pct,SL.UEM.TOTL.ZS,"Unemployment rate, annual %"
GR,Greece,2017,21.413,unemployment_pct,SL.UEM.TOTL.ZS,"Unemployment rate, annual %"
GR,Greece,2016,23.514,unemployment_pct,SL.UEM.TOTL.ZS,"Unemployment rate, annual %"
GR,Greece,2015,24.981,unemployment_pct,SL.UEM.TOTL.ZS,"Unemployment rate, annual %"
GR,Greece,2014,26.708,unemployment_pct,SL.UEM.TOTL.ZS,"Unemployment rate, annual %"
GR,Greece,2013,27.686,unemployment_pct,SL.UEM.TOTL.ZS,"Unemployment rate, annual %"
GR,Greece,2012,24.731,unemployment_pct,SL.UEM.TOTL.ZS,"Unemployment rate, annual %"
GR,Greece,2011,17.973,unemployment_pct,SL.UEM.TOTL.ZS,"Unemployment rate, annual %"
GR,Greece,2010,12.719,unemployment_pct,SL.UEM.TOTL.ZS,"Unemployment rate, annual %"
GR,Greece,2009,9.546,unemployment_pct,SL.UEM.TOTL.ZS,"Unemployment rate, annual %"
IE,Ireland,2025,4.632,unemployment_pct,SL.UEM.TOTL.ZS,"Unemployment rate, annual %"
IE,Ireland,2024,4.3,unemployment_pct,SL.UEM.TOTL.ZS,"Unemployment rate, annual %"
IE,Ireland,2023,4.243,unemployment_pct,SL.UEM.TOTL.ZS,"Unemployment rate, annual %"
IE,Ireland,2022,4.465,unemployment_pct,SL.UEM.TOTL.ZS,"Unemployment rate, annual %"
IE,Ireland,2021,6.357,unemployment_pct,SL.UEM.TOTL.ZS,"Unemployment rate, annual %"
IE,Ireland,2020,5.623,unemployment_pct,SL.UEM.TOTL.ZS,"Unemployment rate, annual %"
IE,Ireland,2019,4.95,unemployment_pct,SL.UEM.TOTL.ZS,"Unemployment rate, annual %"
IE,Ireland,2018,5.741,unemployment_pct,SL.UEM.TOTL.ZS,"Unemployment rate, annual %"
IE,Ireland,2017,6.713,unemployment_pct,SL.UEM.TOTL.ZS,"Unemployment rate, annual %"
IE,Ireland,2016,8.374,unemployment_pct,SL.UEM.TOTL.ZS,"Unemployment rate, annual %"
IE,Ireland,2015,9.908,unemployment_pct,SL.UEM.TOTL.ZS,"Unemployment rate, annual %"
IE,Ireland,2014,11.858,unemployment_pct,SL.UEM.TOTL.ZS,"Unemployment rate, annual %"
IE,Ireland,2013,13.735,unemployment_pct,SL.UEM.TOTL.ZS,"Unemployment rate, annual %"
IE,Ireland,2012,15.451,unemployment_pct,SL.UEM.TOTL.ZS,"Unemployment rate, annual %"
IE,Ireland,2011,15.354,unemployment_pct,SL.UEM.TOTL.ZS,"Unemployment rate, annual %"
IE,Ireland,2010,14.534,unemployment_pct,SL.UEM.TOTL.ZS,"Unemployment rate, annual %"
IE,Ireland,2009,12.609,unemployment_pct,SL.UEM.TOTL.ZS,"Unemployment rate, annual %"
IT,Italy,2025,6.391,unemployment_pct,SL.UEM.TOTL.ZS,"Unemployment rate, annual %"
IT,Italy,2024,6.5,unemployment_pct,SL.UEM.TOTL.ZS,"Unemployment rate, annual %"
IT,Italy,2023,7.627,unemployment_pct,SL.UEM.TOTL.ZS,"Unemployment rate, annual %"
IT,Italy,2022,8.069,unemployment_pct,SL.UEM.TOTL.ZS,"Unemployment rate, annual %"
IT,Italy,2021,9.497,unemployment_pct,SL.UEM.TOTL.ZS,"Unemployment rate, annual %"
IT,Italy,2020,9.192,unemployment_pct,SL.UEM.TOTL.ZS,"Unemployment rate, annual %"
IT,Italy,2019,9.884,unemployment_pct,SL.UEM.TOTL.ZS,"Unemployment rate, annual %"
IT,Italy,2018,10.538,unemployment_pct,SL.UEM.TOTL.ZS,"Unemployment rate, annual %"
IT,Italy,2017,11.211,unemployment_pct,SL.UEM.TOTL.ZS,"Unemployment rate, annual %"
IT,Italy,2016,11.688,unemployment_pct,SL.UEM.TOTL.ZS,"Unemployment rate, annual %"
IT,Italy,2015,11.896,unemployment_pct,SL.UEM.TOTL.ZS,"Unemployment rate, annual %"
IT,Italy,2014,12.683,unemployment_pct,SL.UEM.TOTL.ZS,"Unemployment rate, annual %"
IT,Italy,2013,12.149,unemployment_pct,SL.UEM.TOTL.ZS,"Unemployment rate, annual %"
IT,Italy,2012,10.655,unemployment_pct,SL.UEM.TOTL.ZS,"Unemployment rate, annual %"
IT,Italy,2011,8.359,unemployment_pct,SL.UEM.TOTL.ZS,"Unemployment rate, annual %"
IT,Italy,2010,8.363,unemployment_pct,SL.UEM.TOTL.ZS,"Unemployment rate, annual %"
IT,Italy,2009,7.749,unemployment_pct,SL.UEM.TOTL.ZS,"Unemployment rate, annual %"
NL,Netherlands,2025,3.874,unemployment_pct,SL.UEM.TOTL.ZS,"Unemployment rate, annual %"
NL,Netherlands,2024,3.7,unemployment_pct,SL.UEM.TOTL.ZS,"Unemployment rate, annual %"
NL,Netherlands,2023,3.535,unemployment_pct,SL.UEM.TOTL.ZS,"Unemployment rate, annual %"
NL,Netherlands,2022,3.526,unemployment_pct,SL.UEM.TOTL.ZS,"Unemployment rate, annual %"
NL,Netherlands,2021,4.209,unemployment_pct,SL.UEM.TOTL.ZS,"Unemployment rate, annual %"
NL,Netherlands,2020,3.82,unemployment_pct,SL.UEM.TOTL.ZS,"Unemployment rate, annual %"
NL,Netherlands,2019,3.379,unemployment_pct,SL.UEM.TOTL.ZS,"Unemployment rate, annual %"
NL,Netherlands,2018,3.832,unemployment_pct,SL.UEM.TOTL.ZS,"Unemployment rate, annual %"
NL,Netherlands,2017,4.837,unemployment_pct,SL.UEM.TOTL.ZS,"Unemployment rate, annual %"
NL,Netherlands,2016,6.007,unemployment_pct,SL.UEM.TOTL.ZS,"Unemployment rate, annual %"
NL,Netherlands,2015,6.872,unemployment_pct,SL.UEM.TOTL.ZS,"Unemployment rate, annual %"
NL,Netherlands,2014,7.419,unemployment_pct,SL.UEM.TOTL.ZS,"Unemployment rate, annual %"
NL,Netherlands,2013,7.241,unemployment_pct,SL.UEM.TOTL.ZS,"Unemployment rate, annual %"
NL,Netherlands,2012,5.821,unemployment_pct,SL.UEM.TOTL.ZS,"Unemployment rate, annual %"
NL,Netherlands,2011,4.977,unemployment_pct,SL.UEM.TOTL.ZS,"Unemployment rate, annual %"
NL,Netherlands,2010,4.991,unemployment_pct,SL.UEM.TOTL.ZS,"Unemployment rate, annual %"
NL,Netherlands,2009,4.352,unemployment_pct,SL.UEM.TOTL.ZS,"Unemployment rate, annual %"
PT,Portugal,2025,6.164,unemployment_pct,SL.UEM.TOTL.ZS,"Unemployment rate, annual %"
PT,Portugal,2024,6.5,unemployment_pct,SL.UEM.TOTL.ZS,"Unemployment rate, annual %"
PT,Portugal,2023,6.498,unemployment_pct,SL.UEM.TOTL.ZS,"Unemployment rate, annual %"
PT,Portugal,2022,6.138,unemployment_pct,SL.UEM.TOTL.ZS,"Unemployment rate, annual %"
PT,Portugal,2021,6.712,unemployment_pct,SL.UEM.TOTL.ZS,"Unemployment rate, annual %"
PT,Portugal,2020,6.85,unemployment_pct,SL.UEM.TOTL.ZS,"Unemployment rate, annual %"
PT,Portugal,2019,6.422,unemployment_pct,SL.UEM.TOTL.ZS,"Unemployment rate, annual %"
PT,Portugal,2018,6.966,unemployment_pct,SL.UEM.TOTL.ZS,"Unemployment rate, annual %"
PT,Portugal,2017,8.878,unemployment_pct,SL.UEM.TOTL.ZS,"Unemployment rate, annual %"
PT,Portugal,2016,11.058,unemployment_pct,SL.UEM.TOTL.ZS,"Unemployment rate, annual %"
PT,Portugal,2015,12.405,unemployment_pct,SL.UEM.TOTL.ZS,"Unemployment rate, annual %"
PT,Portugal,2014,13.88,unemployment_pct,SL.UEM.TOTL.ZS,"Unemployment rate, annual %"
PT,Portugal,2013,16.237,unemployment_pct,SL.UEM.TOTL.ZS,"Unemployment rate, annual %"
PT,Portugal,2012,15.509,unemployment_pct,SL.UEM.TOTL.ZS,"Unemployment rate, annual %"
PT,Portugal,2011,12.715,unemployment_pct,SL.UEM.TOTL.ZS,"Unemployment rate, annual %"
PT,Portugal,2010,10.771,unemployment_pct,SL.UEM.TOTL.ZS,"Unemployment rate, annual %"
PT,Portugal,2009,9.432,unemployment_pct,SL.UEM.TOTL.ZS,"Unemployment rate, annual %"
SK,Slovak Republic,2025,5.359,unemployment_pct,SL.UEM.TOTL.ZS,"Unemployment rate, annual %"
SK,Slovak Republic,2024,5.3,unemployment_pct,SL.UEM.TOTL.ZS,"Unemployment rate, annual %"
SK,Slovak Republic,2023,5.843,unemployment_pct,SL.UEM.TOTL.ZS,"Unemployment rate, annual %"
SK,Slovak Republic,2022,6.143,unemployment_pct,SL.UEM.TOTL.ZS,"Unemployment rate, annual %"
SK,Slovak Republic,2021,6.894,unemployment_pct,SL.UEM.TOTL.ZS,"Unemployment rate, annual %"
SK,Slovak Republic,2020,6.719,unemployment_pct,SL.UEM.TOTL.ZS,"Unemployment rate, annual %"
SK,Slovak Republic,2019,5.761,unemployment_pct,SL.UEM.TOTL.ZS,"Unemployment rate, annual %"
SK,Slovak Republic,2018,6.544,unemployment_pct,SL.UEM.TOTL.ZS,"Unemployment rate, annual %"
SK,Slovak Republic,2017,8.142,unemployment_pct,SL.UEM.TOTL.ZS,"Unemployment rate, annual %"
SK,Slovak Republic,2016,9.679,unemployment_pct,SL.UEM.TOTL.ZS,"Unemployment rate, annual %"
SK,Slovak Republic,2015,11.492,unemployment_pct,SL.UEM.TOTL.ZS,"Unemployment rate, annual %"
SK,Slovak Republic,2014,11.536,unemployment_pct,SL.UEM.TOTL.ZS,"Unemployment rate, annual %"
SK,Slovak Republic,2013,14.226,unemployment_pct,SL.UEM.TOTL.ZS,"Unemployment rate, annual %"
SK,Slovak Republic,2012,13.966,unemployment_pct,SL.UEM.TOTL.ZS,"Unemployment rate, annual %"
SK,Slovak Republic,2011,13.634,unemployment_pct,SL.UEM.TOTL.ZS,"Unemployment rate, annual %"
SK,Slovak Republic,2010,14.387,unemployment_pct,SL.UEM.TOTL.ZS,"Unemployment rate, annual %"
SK,Slovak Republic,2009,12.023,unemployment_pct,SL.UEM.TOTL.ZS,"Unemployment rate, annual %"
AT,Austria,2025,,inflation_cpi_pct,FP.CPI.TOTL.ZG,"Inflation, consumer prices, annual %"
AT,Austria,2024,2.93791574279375,inflation_cpi_pct,FP.CPI.TOTL.ZG,"Inflation, consumer prices, annual %"
AT,Austria,2023,7.81413417002831,inflation_cpi_pct,FP.CPI.TOTL.ZG,"Inflation, consumer prices, annual %"
AT,Austria,2022,8.54686993188457,inflation_cpi_pct,FP.CPI.TOTL.ZG,"Inflation, consumer prices, annual %"
AT,Austria,2021,2.7666666666667,inflation_cpi_pct,FP.CPI.TOTL.ZG,"Inflation, consumer prices, annual %"
AT,Austria,2020,1.38191063351853,inflation_cpi_pct,FP.CPI.TOTL.ZG,"Inflation, consumer prices, annual %"
AT,Austria,2019,1.53089564152643,inflation_cpi_pct,FP.CPI.TOTL.ZG,"Inflation, consumer prices, annual %"
AT,Austria,2018,1.99837981429548,inflation_cpi_pct,FP.CPI.TOTL.ZG,"Inflation, consumer prices, annual %"
AT,Austria,2017,2.08126911385586,inflation_cpi_pct,FP.CPI.TOTL.ZG,"Inflation, consumer prices, annual %"
AT,Austria,2016,0.891591752655362,inflation_cpi_pct,FP.CPI.TOTL.ZG,"Inflation, consumer prices, annual %"
AT,Austria,2015,0.896563335260319,inflation_cpi_pct,FP.CPI.TOTL.ZG,"Inflation, consumer prices, annual %"
AT,Austria,2014,1.60581182954473,inflation_cpi_pct,FP.CPI.TOTL.ZG,"Inflation, consumer prices, annual %"
AT,Austria,2013,2.00015616900597,inflation_cpi_pct,FP.CPI.TOTL.ZG,"Inflation, consumer prices, annual %"
AT,Austria,2012,2.48567562177014,inflation_cpi_pct,FP.CPI.TOTL.ZG,"Inflation, consumer prices, annual %"
AT,Austria,2011,3.2865791487538,inflation_cpi_pct,FP.CPI.TOTL.ZG,"Inflation, consumer prices, annual %"
AT,Austria,2010,1.81353438995061,inflation_cpi_pct,FP.CPI.TOTL.ZG,"Inflation, consumer prices, annual %"
AT,Austria,2009,0.506308827696504,inflation_cpi_pct,FP.CPI.TOTL.ZG,"Inflation, consumer prices, annual %"
BE,Belgium,2025,,inflation_cpi_pct,FP.CPI.TOTL.ZG,"Inflation, consumer prices, annual %"
BE,Belgium,2024,3.14349136500041,inflation_cpi_pct,FP.CPI.TOTL.ZG,"Inflation, consumer prices, annual %"
BE,Belgium,2023,4.04901077613941,inflation_cpi_pct,FP.CPI.TOTL.ZG,"Inflation, consumer prices, annual %"
BE,Belgium,2022,9.597511728725,inflation_cpi_pct,FP.CPI.TOTL.ZG,"Inflation, consumer prices, annual %"
BE,Belgium,2021,2.44024851144084,inflation_cpi_pct,FP.CPI.TOTL.ZG,"Inflation, consumer prices, annual %"
BE,Belgium,2020,0.740791812220343,inflation_cpi_pct,FP.CPI.TOTL.ZG,"Inflation, consumer prices, annual %"
BE,Belgium,2019,1.43681956996438,inflation_cpi_pct,FP.CPI.TOTL.ZG,"Inflation, consumer prices, annual %"
BE,Belgium,2018,2.05316499865177,inflation_cpi_pct,FP.CPI.TOTL.ZG,"Inflation, consumer prices, annual %"
BE,Belgium,2017,2.12597086002616,inflation_cpi_pct,FP.CPI.TOTL.ZG,"Inflation, consumer prices, annual %"
BE,Belgium,2016,1.97385264653162,inflation_cpi_pct,FP.CPI.TOTL.ZG,"Inflation, consumer prices, annual %"
BE,Belgium,2015,0.561429152790157,inflation_cpi_pct,FP.CPI.TOTL.ZG,"Inflation, consumer prices, annual %"
BE,Belgium,2014,0.340002833356921,inflation_cpi_pct,FP.CPI.TOTL.ZG,"Inflation, consumer prices, annual %"
BE,Belgium,2013,1.11309594027539,inflation_cpi_pct,FP.CPI.TOTL.ZG,"Inflation, consumer prices, annual %"
BE,Belgium,2012,2.83966343445899,inflation_cpi_pct,FP.CPI.TOTL.ZG,"Inflation, consumer prices, annual %"
BE,Belgium,2011,3.5320821072274,inflation_cpi_pct,FP.CPI.TOTL.ZG,"Inflation, consumer prices, annual %"
BE,Belgium,2010,2.18929920422458,inflation_cpi_pct,FP.CPI.TOTL.ZG,"Inflation, consumer prices, annual %"
BE,Belgium,2009,-0.0531456741254176,inflation_cpi_pct,FP.CPI.TOTL.ZG,"Inflation, consumer prices, annual %"
DE,Germany,2025,,inflation_cpi_pct,FP.CPI.TOTL.ZG,"Inflation, consumer prices, annual %"
DE,Germany,2024,2.2564981433876,inflation_cpi_pct,FP.CPI.TOTL.ZG,"Inflation, consumer prices, annual %"
DE,Germany,2023,5.94643667725823,inflation_cpi_pct,FP.CPI.TOTL.ZG,"Inflation, consumer prices, annual %"
DE,Germany,2022,6.87257438551096,inflation_cpi_pct,FP.CPI.TOTL.ZG,"Inflation, consumer prices, annual %"
DE,Germany,2021,3.06666666666673,inflation_cpi_pct,FP.CPI.TOTL.ZG,"Inflation, consumer prices, annual %"
DE,Germany,2020,0.144877925813981,inflation_cpi_pct,FP.CPI.TOTL.ZG,"Inflation, consumer prices, annual %"
DE,Germany,2019,1.44565976888253,inflation_cpi_pct,FP.CPI.TOTL.ZG,"Inflation, consumer prices, annual %"
DE,Germany,2018,1.73216879766941,inflation_cpi_pct,FP.CPI.TOTL.ZG,"Inflation, consumer prices, annual %"
DE,Germany,2017,1.50949485109628,inflation_cpi_pct,FP.CPI.TOTL.ZG,"Inflation, consumer prices, annual %"
DE,Germany,2016,0.491747008445174,inflation_cpi_pct,FP.CPI.TOTL.ZG,"Inflation, consumer prices, annual %"
DE,Germany,2015,0.514426137125456,inflation_cpi_pct,FP.CPI.TOTL.ZG,"Inflation, consumer prices, annual %"
DE,Germany,2014,0.906794000434245,inflation_cpi_pct,FP.CPI.TOTL.ZG,"Inflation, consumer prices, annual %"
DE,Germany,2013,1.50472330251876,inflation_cpi_pct,FP.CPI.TOTL.ZG,"Inflation, consumer prices, annual %"
DE,Germany,2012,2.00848884782956,inflation_cpi_pct,FP.CPI.TOTL.ZG,"Inflation, consumer prices, annual %"
DE,Germany,2011,2.07517283735874,inflation_cpi_pct,FP.CPI.TOTL.ZG,"Inflation, consumer prices, annual %"
DE,Germany,2010,1.1038103778926,inflation_cpi_pct,FP.CPI.TOTL.ZG,"Inflation, consumer prices, annual %"
DE,Germany,2009,0.312739007368446,inflation_cpi_pct,FP.CPI.TOTL.ZG,"Inflation, consumer prices, annual %"
ES,Spain,2025,,inflation_cpi_pct,FP.CPI.TOTL.ZG,"Inflation, consumer prices, annual %"
ES,Spain,2024,2.77417826534772,inflation_cpi_pct,FP.CPI.TOTL.ZG,"Inflation, consumer prices, annual %"
ES,Spain,2023,3.53236133492432,inflation_cpi_pct,FP.CPI.TOTL.ZG,"Inflation, consumer prices, annual %"
ES,Spain,2022,8.39057634118626,inflation_cpi_pct,FP.CPI.TOTL.ZG,"Inflation, consumer prices, annual %"
ES,Spain,2021,3.09313511976419,inflation_cpi_pct,FP.CPI.TOTL.ZG,"Inflation, consumer prices, annual %"
ES,Spain,2020,-0.322753017299739,inflation_cpi_pct,FP.CPI.TOTL.ZG,"Inflation, consumer prices, annual %"
ES,Spain,2019,0.699518994458738,inflation_cpi_pct,FP.CPI.TOTL.ZG,"Inflation, consumer prices, annual %"
ES,Spain,2018,1.6749813686379,inflation_cpi_pct,FP.CPI.TOTL.ZG,"Inflation, consumer prices, annual %"
ES,Spain,2017,1.95607633363963,inflation_cpi_pct,FP.CPI.TOTL.ZG,"Inflation, consumer prices, annual %"
ES,Spain,2016,-0.202598000426452,inflation_cpi_pct,FP.CPI.TOTL.ZG,"Inflation, consumer prices, annual %"
ES,Spain,2015,-0.500365709903242,inflation_cpi_pct,FP.CPI.TOTL.ZG,"Inflation, consumer prices, annual %"
ES,Spain,2014,-0.151114837527234,inflation_cpi_pct,FP.CPI.TOTL.ZG,"Inflation, consumer prices, annual %"
ES,Spain,2013,1.40858109183018,inflation_cpi_pct,FP.CPI.TOTL.ZG,"Inflation, consumer prices, annual %"
ES,Spain,2012,2.44612782366808,inflation_cpi_pct,FP.CPI.TOTL.ZG,"Inflation, consumer prices, annual %"
ES,Spain,2011,3.1961018883379,inflation_cpi_pct,FP.CPI.TOTL.ZG,"Inflation, consumer prices, annual %"
ES,Spain,2010,1.79986457728768,inflation_cpi_pct,FP.CPI.TOTL.ZG,"Inflation, consumer prices, annual %"
ES,Spain,2009,-0.28781308353524,inflation_cpi_pct,FP.CPI.TOTL.ZG,"Inflation, consumer prices, annual %"
FI,Finland,2025,,inflation_cpi_pct,FP.CPI.TOTL.ZG,"Inflation, consumer prices, annual %"
FI,Finland,2024,1.56568906231615,inflation_cpi_pct,FP.CPI.TOTL.ZG,"Inflation, consumer prices, annual %"
FI,Finland,2023,6.25064322154762,inflation_cpi_pct,FP.CPI.TOTL.ZG,"Inflation, consumer prices, annual %"
FI,Finland,2022,7.12350773301402,inflation_cpi_pct,FP.CPI.TOTL.ZG,"Inflation, consumer prices, annual %"
FI,Finland,2021,2.19457432340007,inflation_cpi_pct,FP.CPI.TOTL.ZG,"Inflation, consumer prices, annual %"
FI,Finland,2020,0.290554555653239,inflation_cpi_pct,FP.CPI.TOTL.ZG,"Inflation, consumer prices, annual %"
FI,Finland,2019,1.0240939296343,inflation_cpi_pct,FP.CPI.TOTL.ZG,"Inflation, consumer prices, annual %"
FI,Finland,2018,1.08382098409305,inflation_cpi_pct,FP.CPI.TOTL.ZG,"Inflation, consumer prices, annual %"
FI,Finland,2017,0.754015047084346,inflation_cpi_pct,FP.CPI.TOTL.ZG,"Inflation, consumer prices, annual %"
FI,Finland,2016,0.356684500891695,inflation_cpi_pct,FP.CPI.TOTL.ZG,"Inflation, consumer prices, annual %"
FI,Finland,2015,-0.207928839905268,inflation_cpi_pct,FP.CPI.TOTL.ZG,"Inflation, consumer prices, annual %"
FI,Finland,2014,1.04119621178439,inflation_cpi_pct,FP.CPI.TOTL.ZG,"Inflation, consumer prices, annual %"
FI,Finland,2013,1.47828615688809,inflation_cpi_pct,FP.CPI.TOTL.ZG,"Inflation, consumer prices, annual %"
FI,Finland,2012,2.80833622561573,inflation_cpi_pct,FP.CPI.TOTL.ZG,"Inflation, consumer prices, annual %"
FI,Finland,2011,3.41680754255211,inflation_cpi_pct,FP.CPI.TOTL.ZG,"Inflation, consumer prices, annual %"
FI,Finland,2010,1.18413523154646,inflation_cpi_pct,FP.CPI.TOTL.ZG,"Inflation, consumer prices, annual %"
FI,Finland,2009,-9.17360384430342e-07,inflation_cpi_pct,FP.CPI.TOTL.ZG,"Inflation, consumer prices, annual %"
FR,France,2025,,inflation_cpi_pct,FP.CPI.TOTL.ZG,"Inflation, consumer prices, annual %"
FR,France,2024,1.99904942291462,inflation_cpi_pct,FP.CPI.TOTL.ZG,"Inflation, consumer prices, annual %"
FR,France,2023,4.8783572650844,inflation_cpi_pct,FP.CPI.TOTL.ZG,"Inflation, consumer prices, annual %"
FR,France,2022,5.22236748369725,inflation_cpi_pct,FP.CPI.TOTL.ZG,"Inflation, consumer prices, annual %"
FR,France,2021,1.64233141038393,inflation_cpi_pct,FP.CPI.TOTL.ZG,"Inflation, consumer prices, annual %"
FR,France,2020,0.476498852725065,inflation_cpi_pct,FP.CPI.TOTL.ZG,"Inflation, consumer prices, annual %"
FR,France,2019,1.10825492288293,inflation_cpi_pct,FP.CPI.TOTL.ZG,"Inflation, consumer prices, annual %"
FR,France,2018,1.85081508315492,inflation_cpi_pct,FP.CPI.TOTL.ZG,"Inflation, consumer prices, annual %"
FR,France,2017,1.03228275064681,inflation_cpi_pct,FP.CPI.TOTL.ZG,"Inflation, consumer prices, annual %"
FR,France,2016,0.183334861123764,inflation_cpi_pct,FP.CPI.TOTL.ZG,"Inflation, consumer prices, annual %"
FR,France,2015,0.0375143805125181,inflation_cpi_pct,FP.CPI.TOTL.ZG,"Inflation, consumer prices, annual %"
FR,France,2014,0.507758822937989,inflation_cpi_pct,FP.CPI.TOTL.ZG,"Inflation, consumer prices, annual %"
FR,France,2013,0.863715497861804,inflation_cpi_pct,FP.CPI.TOTL.ZG,"Inflation, consumer prices, annual %"
FR,France,2012,1.95419531613509,inflation_cpi_pct,FP.CPI.TOTL.ZG,"Inflation, consumer prices, annual %"
FR,France,2011,2.11159795175,inflation_cpi_pct,FP.CPI.TOTL.ZG,"Inflation, consumer prices, annual %"
FR,France,2010,1.53112270420918,inflation_cpi_pct,FP.CPI.TOTL.ZG,"Inflation, consumer prices, annual %"
FR,France,2009,0.0876204781574653,inflation_cpi_pct,FP.CPI.TOTL.ZG,"Inflation, consumer prices, annual %"
GR,Greece,2025,,inflation_cpi_pct,FP.CPI.TOTL.ZG,"Inflation, consumer prices, annual %"
GR,Greece,2024,2.74101875679477,inflation_cpi_pct,FP.CPI.TOTL.ZG,"Inflation, consumer prices, annual %"
GR,Greece,2023,3.46480128513405,inflation_cpi_pct,FP.CPI.TOTL.ZG,"Inflation, consumer prices, annual %"
GR,Greece,2022,9.64525981280642,inflation_cpi_pct,FP.CPI.TOTL.ZG,"Inflation, consumer prices, annual %"
GR,Greece,2021,1.22382501019854,inflation_cpi_pct,FP.CPI.TOTL.ZG,"Inflation, consumer prices, annual %"
GR,Greece,2020,-1.24798355581405,inflation_cpi_pct,FP.CPI.TOTL.ZG,"Inflation, consumer prices, annual %"
GR,Greece,2019,0.253007522038059,inflation_cpi_pct,FP.CPI.TOTL.ZG,"Inflation, consumer prices, annual %"
GR,Greece,2018,0.62562141345364,inflation_cpi_pct,FP.CPI.TOTL.ZG,"Inflation, consumer prices, annual %"
GR,Greece,2017,1.12125452031425,inflation_cpi_pct,FP.CPI.TOTL.ZG,"Inflation, consumer prices, annual %"
GR,Greece,2016,-0.825653978391033,inflation_cpi_pct,FP.CPI.TOTL.ZG,"Inflation, consumer prices, annual %"
GR,Greece,2015,-1.73588804765275,inflation_cpi_pct,FP.CPI.TOTL.ZG,"Inflation, consumer prices, annual %"
GR,Greece,2014,-1.31226096405525,inflation_cpi_pct,FP.CPI.TOTL.ZG,"Inflation, consumer prices, annual %"
GR,Greece,2013,-0.921269454256899,inflation_cpi_pct,FP.CPI.TOTL.ZG,"Inflation, consumer prices, annual %"
GR,Greece,2012,1.50152696177758,inflation_cpi_pct,FP.CPI.TOTL.ZG,"Inflation, consumer prices, annual %"
GR,Greece,2011,3.3298532335065,inflation_cpi_pct,FP.CPI.TOTL.ZG,"Inflation, consumer prices, annual %"
GR,Greece,2010,4.71298907760395,inflation_cpi_pct,FP.CPI.TOTL.ZG,"Inflation, consumer prices, annual %"
GR,Greece,2009,1.21007269197809,inflation_cpi_pct,FP.CPI.TOTL.ZG,"Inflation, consumer prices, annual %"
IE,Ireland,2025,,inflation_cpi_pct,FP.CPI.TOTL.ZG,"Inflation, consumer prices, annual %"
IE,Ireland,2024,2.11344999577317,inflation_cpi_pct,FP.CPI.TOTL.ZG,"Inflation, consumer prices, annual %"
IE,Ireland,2023,6.29942487419125,inflation_cpi_pct,FP.CPI.TOTL.ZG,"Inflation, consumer prices, annual %"
IE,Ireland,2022,7.82945736434105,inflation_cpi_pct,FP.CPI.TOTL.ZG,"Inflation, consumer prices, annual %"
IE,Ireland,2021,2.34034113447044,inflation_cpi_pct,FP.CPI.TOTL.ZG,"Inflation, consumer prices, annual %"
IE,Ireland,2020,-0.326183651280033,inflation_cpi_pct,FP.CPI.TOTL.ZG,"Inflation, consumer prices, annual %"
IE,Ireland,2019,0.937842961189274,inflation_cpi_pct,FP.CPI.TOTL.ZG,"Inflation, consumer prices, annual %"
IE,Ireland,2018,0.471130713712916,inflation_cpi_pct,FP.CPI.TOTL.ZG,"Inflation, consumer prices, annual %"
IE,Ireland,2017,0.362173038229378,inflation_cpi_pct,FP.CPI.TOTL.ZG,"Inflation, consumer prices, annual %"
IE,Ireland,2016,0.0201247735963237,inflation_cpi_pct,FP.CPI.TOTL.ZG,"Inflation, consumer prices, annual %"
IE,Ireland,2015,-0.330959783371788,inflation_cpi_pct,FP.CPI.TOTL.ZG,"Inflation, consumer prices, annual %"
IE,Ireland,2014,0.190916398713745,inflation_cpi_pct,FP.CPI.TOTL.ZG,"Inflation, consumer prices, annual %"
IE,Ireland,2013,0.515099484900573,inflation_cpi_pct,FP.CPI.TOTL.ZG,"Inflation, consumer prices, annual %"
IE,Ireland,2012,1.69474116680366,inflation_cpi_pct,FP.CPI.TOTL.ZG,"Inflation, consumer prices, annual %"
IE,Ireland,2011,2.5489783020855,inflation_cpi_pct,FP.CPI.TOTL.ZG,"Inflation, consumer prices, annual %"
IE,Ireland,2010,-0.918388645376774,inflation_cpi_pct,FP.CPI.TOTL.ZG,"Inflation, consumer prices, annual %"
IE,Ireland,2009,-4.44754686876746,inflation_cpi_pct,FP.CPI.TOTL.ZG,"Inflation, consumer prices, annual %"
IT,Italy,2025,,inflation_cpi_pct,FP.CPI.TOTL.ZG,"Inflation, consumer prices, annual %"
IT,Italy,2024,0.982373023061417,inflation_cpi_pct,FP.CPI.TOTL.ZG,"Inflation, consumer prices, annual %"
IT,Italy,2023,5.62219442195901,inflation_cpi_pct,FP.CPI.TOTL.ZG,"Inflation, consumer prices, annual %"
IT,Italy,2022,8.20128991161718,inflation_cpi_pct,FP.CPI.TOTL.ZG,"Inflation, consumer prices, annual %"
IT,Italy,2021,1.87378325762481,inflation_cpi_pct,FP.CPI.TOTL.ZG,"Inflation, consumer prices, annual %"
IT,Italy,2020,-0.13770757391651,inflation_cpi_pct,FP.CPI.TOTL.ZG,"Inflation, consumer prices, annual %"
IT,Italy,2019,0.611246943765304,inflation_cpi_pct,FP.CPI.TOTL.ZG,"Inflation, consumer prices, annual %"
IT,Italy,2018,1.13748763600391,inflation_cpi_pct,FP.CPI.TOTL.ZG,"Inflation, consumer prices, annual %"
IT,Italy,2017,1.22653316645812,inflation_cpi_pct,FP.CPI.TOTL.ZG,"Inflation, consumer prices, annual %"
IT,Italy,2016,-0.09401665691575,inflation_cpi_pct,FP.CPI.TOTL.ZG,"Inflation, consumer prices, annual %"
IT,Italy,2015,0.0387903996579733,inflation_cpi_pct,FP.CPI.TOTL.ZG,"Inflation, consumer prices, annual %"
IT,Italy,2014,0.241047429826756,inflation_cpi_pct,FP.CPI.TOTL.ZG,"Inflation, consumer prices, annual %"
IT,Italy,2013,1.21999342274306,inflation_cpi_pct,FP.CPI.TOTL.ZG,"Inflation, consumer prices, annual %"
IT,Italy,2012,3.04136333226775,inflation_cpi_pct,FP.CPI.TOTL.ZG,"Inflation, consumer prices, annual %"
IT,Italy,2011,2.78063272879323,inflation_cpi_pct,FP.CPI.TOTL.ZG,"Inflation, consumer prices, annual %"
IT,Italy,2010,1.52551602118248,inflation_cpi_pct,FP.CPI.TOTL.ZG,"Inflation, consumer prices, annual %"
IT,Italy,2009,0.774768131387381,inflation_cpi_pct,FP.CPI.TOTL.ZG,"Inflation, consumer prices, annual %"
NL,Netherlands,2025,,inflation_cpi_pct,FP.CPI.TOTL.ZG,"Inflation, consumer prices, annual %"
NL,Netherlands,2024,3.34754304219953,inflation_cpi_pct,FP.CPI.TOTL.ZG,"Inflation, consumer prices, annual %"
NL,Netherlands,2023,3.83839354342808,inflation_cpi_pct,FP.CPI.TOTL.ZG,"Inflation, consumer prices, annual %"
NL,Netherlands,2022,10.0012078753473,inflation_cpi_pct,FP.CPI.TOTL.ZG,"Inflation, consumer prices, annual %"
NL,Netherlands,2021,2.67572008805385,inflation_cpi_pct,FP.CPI.TOTL.ZG,"Inflation, consumer prices, annual %"
NL,Netherlands,2020,1.27246037789161,inflation_cpi_pct,FP.CPI.TOTL.ZG,"Inflation, consumer prices, annual %"
NL,Netherlands,2019,2.63369910249591,inflation_cpi_pct,FP.CPI.TOTL.ZG,"Inflation, consumer prices, annual %"
NL,Netherlands,2018,1.70349794744479,inflation_cpi_pct,FP.CPI.TOTL.ZG,"Inflation, consumer prices, annual %"
NL,Netherlands,2017,1.38145871407216,inflation_cpi_pct,FP.CPI.TOTL.ZG,"Inflation, consumer prices, annual %"
NL,Netherlands,2016,0.316666666666652,inflation_cpi_pct,FP.CPI.TOTL.ZG,"Inflation, consumer prices, annual %"
NL,Netherlands,2015,0.600248147278776,inflation_cpi_pct,FP.CPI.TOTL.ZG,"Inflation, consumer prices, annual %"
NL,Netherlands,2014,0.976035079699679,inflation_cpi_pct,FP.CPI.TOTL.ZG,"Inflation, consumer prices, annual %"
NL,Netherlands,2013,2.50689852657875,inflation_cpi_pct,FP.CPI.TOTL.ZG,"Inflation, consumer prices, annual %"
NL,Netherlands,2012,2.45554765291614,inflation_cpi_pct,FP.CPI.TOTL.ZG,"Inflation, consumer prices, annual %"
NL,Netherlands,2011,2.34107017751373,inflation_cpi_pct,FP.CPI.TOTL.ZG,"Inflation, consumer prices, annual %"
NL,Netherlands,2010,1.27530569556679,inflation_cpi_pct,FP.CPI.TOTL.ZG,"Inflation, consumer prices, annual %"
NL,Netherlands,2009,1.18977687021548,inflation_cpi_pct,FP.CPI.TOTL.ZG,"Inflation, consumer prices, annual %"
PT,Portugal,2025,,inflation_cpi_pct,FP.CPI.TOTL.ZG,"Inflation, consumer prices, annual %"
PT,Portugal,2024,2.41613187791884,inflation_cpi_pct,FP.CPI.TOTL.ZG,"Inflation, consumer prices, annual %"
PT,Portugal,2023,4.31128191898672,inflation_cpi_pct,FP.CPI.TOTL.ZG,"Inflation, consumer prices, annual %"
PT,Portugal,2022,7.83269124233323,inflation_cpi_pct,FP.CPI.TOTL.ZG,"Inflation, consumer prices, annual %"
PT,Portugal,2021,1.26565719069044,inflation_cpi_pct,FP.CPI.TOTL.ZG,"Inflation, consumer prices, annual %"
PT,Portugal,2020,-0.0124383299575305,inflation_cpi_pct,FP.CPI.TOTL.ZG,"Inflation, consumer prices, annual %"
PT,Portugal,2019,0.338178410046034,inflation_cpi_pct,FP.CPI.TOTL.ZG,"Inflation, consumer prices, annual %"
PT,Portugal,2018,0.993715683468326,inflation_cpi_pct,FP.CPI.TOTL.ZG,"Inflation, consumer prices, annual %"
PT,Portugal,2017,1.36861411643472,inflation_cpi_pct,FP.CPI.TOTL.ZG,"Inflation, consumer prices, annual %"
PT,Portugal,2016,0.607397074641719,inflation_cpi_pct,FP.CPI.TOTL.ZG,"Inflation, consumer prices, annual %"
PT,Portugal,2015,0.48793862390472,inflation_cpi_pct,FP.CPI.TOTL.ZG,"Inflation, consumer prices, annual %"
PT,Portugal,2014,-0.278153367467428,inflation_cpi_pct,FP.CPI.TOTL.ZG,"Inflation, consumer prices, annual %"
PT,Portugal,2013,0.274416666666663,inflation_cpi_pct,FP.CPI.TOTL.ZG,"Inflation, consumer prices, annual %"
PT,Portugal,2012,2.77333854051586,inflation_cpi_pct,FP.CPI.TOTL.ZG,"Inflation, consumer prices, annual %"
PT,Portugal,2011,3.65301100430724,inflation_cpi_pct,FP.CPI.TOTL.ZG,"Inflation, consumer prices, annual %"
PT,Portugal,2010,1.40257289895369,inflation_cpi_pct,FP.CPI.TOTL.ZG,"Inflation, consumer prices, annual %"
PT,Portugal,2009,-0.835530021504157,inflation_cpi_pct,FP.CPI.TOTL.ZG,"Inflation, consumer prices, annual %"
SK,Slovak Republic,2025,,inflation_cpi_pct,FP.CPI.TOTL.ZG,"Inflation, consumer prices, annual %"
SK,Slovak Republic,2024,2.75760909424272,inflation_cpi_pct,FP.CPI.TOTL.ZG,"Inflation, consumer prices, annual %"
SK,Slovak Republic,2023,10.5319476645211,inflation_cpi_pct,FP.CPI.TOTL.ZG,"Inflation, consumer prices, annual %"
SK,Slovak Republic,2022,12.7741463637611,inflation_cpi_pct,FP.CPI.TOTL.ZG,"Inflation, consumer prices, annual %"
SK,Slovak Republic,2021,3.14960629921268,inflation_cpi_pct,FP.CPI.TOTL.ZG,"Inflation, consumer prices, annual %"
SK,Slovak Republic,2020,1.93694126694223,inflation_cpi_pct,FP.CPI.TOTL.ZG,"Inflation, consumer prices, annual %"
SK,Slovak Republic,2019,2.66456133425431,inflation_cpi_pct,FP.CPI.TOTL.ZG,"Inflation, consumer prices, annual %"
SK,Slovak Republic,2018,2.51403712883812,inflation_cpi_pct,FP.CPI.TOTL.ZG,"Inflation, consumer prices, annual %"
SK,Slovak Republic,2017,1.31194588223228,inflation_cpi_pct,FP.CPI.TOTL.ZG,"Inflation, consumer prices, annual %"
SK,Slovak Republic,2016,-0.520010196278266,inflation_cpi_pct,FP.CPI.TOTL.ZG,"Inflation, consumer prices, annual %"
SK,Slovak Republic,2015,-0.325219777427673,inflation_cpi_pct,FP.CPI.TOTL.ZG,"Inflation, consumer prices, annual %"
SK,Slovak Republic,2014,-0.0761653295419871,inflation_cpi_pct,FP.CPI.TOTL.ZG,"Inflation, consumer prices, annual %"
SK,Slovak Republic,2013,1.40047368963025,inflation_cpi_pct,FP.CPI.TOTL.ZG,"Inflation, consumer prices, annual %"
SK,Slovak Republic,2012,3.6061026352289,inflation_cpi_pct,FP.CPI.TOTL.ZG,"Inflation, consumer prices, annual %"
SK,Slovak Republic,2011,3.9192859914629,inflation_cpi_pct,FP.CPI.TOTL.ZG,"Inflation, consumer prices, annual %"
SK,Slovak Republic,2010,0.957018132975143,inflation_cpi_pct,FP.CPI.TOTL.ZG,"Inflation, consumer prices, annual %"
SK,Slovak Republic,2009,1.61510464058238,inflation_cpi_pct,FP.CPI.TOTL.ZG,"Inflation, consumer prices, annual %"
AT,Austria,2025,,domestic_credit_private_pct_gdp,FS.AST.PRVT.GD.ZS,"Domestic credit to private sector, % of GDP"
AT,Austria,2024,81.7652651021229,domestic_credit_private_pct_gdp,FS.AST.PRVT.GD.ZS,"Domestic credit to private sector, % of GDP"
AT,Austria,2023,84.1024713084051,domestic_credit_private_pct_gdp,FS.AST.PRVT.GD.ZS,"Domestic credit to private sector, % of GDP"
AT,Austria,2022,89.1835529946886,domestic_credit_private_pct_gdp,FS.AST.PRVT.GD.ZS,"Domestic credit to private sector, % of GDP"
AT,Austria,2021,93.0624546800894,domestic_credit_private_pct_gdp,FS.AST.PRVT.GD.ZS,"Domestic credit to private sector, % of GDP"
AT,Austria,2020,93.0516337886918,domestic_credit_private_pct_gdp,FS.AST.PRVT.GD.ZS,"Domestic credit to private sector, % of GDP"
AT,Austria,2019,86.3027943646251,domestic_credit_private_pct_gdp,FS.AST.PRVT.GD.ZS,"Domestic credit to private sector, % of GDP"
AT,Austria,2018,84.8629638770058,domestic_credit_private_pct_gdp,FS.AST.PRVT.GD.ZS,"Domestic credit to private sector, % of GDP"
AT,Austria,2017,84.7370865911526,domestic_credit_private_pct_gdp,FS.AST.PRVT.GD.ZS,"Domestic credit to private sector, % of GDP"
AT,Austria,2016,83.5897539711459,domestic_credit_private_pct_gdp,FS.AST.PRVT.GD.ZS,"Domestic credit to private sector, % of GDP"
AT,Austria,2015,86.4399964991008,domestic_credit_private_pct_gdp,FS.AST.PRVT.GD.ZS,"Domestic credit to private sector, % of GDP"
AT,Austria,2014,88.3599171258328,domestic_credit_private_pct_gdp,FS.AST.PRVT.GD.ZS,"Domestic credit to private sector, % of GDP"
AT,Austria,2013,93.3411391388064,domestic_credit_private_pct_gdp,FS.AST.PRVT.GD.ZS,"Domestic credit to private sector, % of GDP"
AT,Austria,2012,94.8379795773965,domestic_credit_private_pct_gdp,FS.AST.PRVT.GD.ZS,"Domestic credit to private sector, % of GDP"
AT,Austria,2011,96.672569255418,domestic_credit_private_pct_gdp,FS.AST.PRVT.GD.ZS,"Domestic credit to private sector, % of GDP"
AT,Austria,2010,99.1468795000545,domestic_credit_private_pct_gdp,FS.AST.PRVT.GD.ZS,"Domestic credit to private sector, % of GDP"
AT,Austria,2009,98.3438510262014,domestic_credit_private_pct_gdp,FS.AST.PRVT.GD.ZS,"Domestic credit to private sector, % of GDP"
BE,Belgium,2025,,domestic_credit_private_pct_gdp,FS.AST.PRVT.GD.ZS,"Domestic credit to private sector, % of GDP"
BE,Belgium,2024,68.0983723586982,domestic_credit_private_pct_gdp,FS.AST.PRVT.GD.ZS,"Domestic credit to private sector, % of GDP"
BE,Belgium,2023,69.2782899991251,domestic_credit_private_pct_gdp,FS.AST.PRVT.GD.ZS,"Domestic credit to private sector, % of GDP"
BE,Belgium,2022,72.6022435766675,domestic_credit_private_pct_gdp,FS.AST.PRVT.GD.ZS,"Domestic credit to private sector, % of GDP"
BE,Belgium,2021,74.7536988644538,domestic_credit_private_pct_gdp,FS.AST.PRVT.GD.ZS,"Domestic credit to private sector, % of GDP"
BE,Belgium,2020,76.125350915761,domestic_credit_private_pct_gdp,FS.AST.PRVT.GD.ZS,"Domestic credit to private sector, % of GDP"
BE,Belgium,2019,69.360003620854,domestic_credit_private_pct_gdp,FS.AST.PRVT.GD.ZS,"Domestic credit to private sector, % of GDP"
BE,Belgium,2018,68.168572322727,domestic_credit_private_pct_gdp,FS.AST.PRVT.GD.ZS,"Domestic credit to private sector, % of GDP"
BE,Belgium,2017,65.3372340367951,domestic_credit_private_pct_gdp,FS.AST.PRVT.GD.ZS,"Domestic credit to private sector, % of GDP"
BE,Belgium,2016,63.6160862759358,domestic_credit_private_pct_gdp,FS.AST.PRVT.GD.ZS,"Domestic credit to private sector, % of GDP"
BE,Belgium,2015,60.8026221428606,domestic_credit_private_pct_gdp,FS.AST.PRVT.GD.ZS,"Domestic credit to private sector, % of GDP"
BE,Belgium,2014,57.6106231184791,domestic_credit_private_pct_gdp,FS.AST.PRVT.GD.ZS,"Domestic credit to private sector, % of GDP"
BE,Belgium,2013,56.159869726618,domestic_credit_private_pct_gdp,FS.AST.PRVT.GD.ZS,"Domestic credit to private sector, % of GDP"
BE,Belgium,2012,54.4903281452635,domestic_credit_private_pct_gdp,FS.AST.PRVT.GD.ZS,"Domestic credit to private sector, % of GDP"
BE,Belgium,2011,55.0145295494018,domestic_credit_private_pct_gdp,FS.AST.PRVT.GD.ZS,"Domestic credit to private sector, % of GDP"
BE,Belgium,2010,56.7854964068071,domestic_credit_private_pct_gdp,FS.AST.PRVT.GD.ZS,"Domestic credit to private sector, % of GDP"
BE,Belgium,2009,58.4658025409586,domestic_credit_private_pct_gdp,FS.AST.PRVT.GD.ZS,"Domestic credit to private sector, % of GDP"
DE,Germany,2025,,domestic_credit_private_pct_gdp,FS.AST.PRVT.GD.ZS,"Domestic credit to private sector, % of GDP"
DE,Germany,2024,,domestic_credit_private_pct_gdp,FS.AST.PRVT.GD.ZS,"Domestic credit to private sector, % of GDP"
DE,Germany,2023,77.253484574492,domestic_credit_private_pct_gdp,FS.AST.PRVT.GD.ZS,"Domestic credit to private sector, % of GDP"
DE,Germany,2022,81.079187544963,domestic_credit_private_pct_gdp,FS.AST.PRVT.GD.ZS,"Domestic credit to private sector, % of GDP"
DE,Germany,2021,82.7038241987432,domestic_credit_private_pct_gdp,FS.AST.PRVT.GD.ZS,"Domestic credit to private sector, % of GDP"
DE,Germany,2020,83.809378912227,domestic_credit_private_pct_gdp,FS.AST.PRVT.GD.ZS,"Domestic credit to private sector, % of GDP"
DE,Germany,2019,77.9656968065859,domestic_credit_private_pct_gdp,FS.AST.PRVT.GD.ZS,"Domestic credit to private sector, % of GDP"
DE,Germany,2018,76.6188414195566,domestic_credit_private_pct_gdp,FS.AST.PRVT.GD.ZS,"Domestic credit to private sector, % of GDP"
DE,Germany,2017,76.0590859587592,domestic_credit_private_pct_gdp,FS.AST.PRVT.GD.ZS,"Domestic credit to private sector, % of GDP"
DE,Germany,2016,75.9886830599554,domestic_credit_private_pct_gdp,FS.AST.PRVT.GD.ZS,"Domestic credit to private sector, % of GDP"
DE,Germany,2015,76.5815039050479,domestic_credit_private_pct_gdp,FS.AST.PRVT.GD.ZS,"Domestic credit to private sector, % of GDP"
DE,Germany,2014,77.7920367770492,domestic_credit_private_pct_gdp,FS.AST.PRVT.GD.ZS,"Domestic credit to private sector, % of GDP"
DE,Germany,2013,80.6847771482794,domestic_credit_private_pct_gdp,FS.AST.PRVT.GD.ZS,"Domestic credit to private sector, % of GDP"
DE,Germany,2012,82.1912777571376,domestic_credit_private_pct_gdp,FS.AST.PRVT.GD.ZS,"Domestic credit to private sector, % of GDP"
DE,Germany,2011,83.2493965947192,domestic_credit_private_pct_gdp,FS.AST.PRVT.GD.ZS,"Domestic credit to private sector, % of GDP"
DE,Germany,2010,86.7703784709742,domestic_credit_private_pct_gdp,FS.AST.PRVT.GD.ZS,"Domestic credit to private sector, % of GDP"
DE,Germany,2009,96.8593447395117,domestic_credit_private_pct_gdp,FS.AST.PRVT.GD.ZS,"Domestic credit to private sector, % of GDP"
ES,Spain,2025,,domestic_credit_private_pct_gdp,FS.AST.PRVT.GD.ZS,"Domestic credit to private sector, % of GDP"
ES,Spain,2024,74.2192017963659,domestic_credit_private_pct_gdp,FS.AST.PRVT.GD.ZS,"Domestic credit to private sector, % of GDP"
ES,Spain,2023,78.3496832939301,domestic_credit_private_pct_gdp,FS.AST.PRVT.GD.ZS,"Domestic credit to private sector, % of GDP"
ES,Spain,2022,88.1124065404768,domestic_credit_private_pct_gdp,FS.AST.PRVT.GD.ZS,"Domestic credit to private sector, % of GDP"
ES,Spain,2021,98.4256244971566,domestic_credit_private_pct_gdp,FS.AST.PRVT.GD.ZS,"Domestic credit to private sector, % of GDP"
ES,Spain,2020,107.572523897153,domestic_credit_private_pct_gdp,FS.AST.PRVT.GD.ZS,"Domestic credit to private sector, % of GDP"
ES,Spain,2019,94.4116262931619,domestic_credit_private_pct_gdp,FS.AST.PRVT.GD.ZS,"Domestic credit to private sector, % of GDP"
ES,Spain,2018,98.8298869234399,domestic_credit_private_pct_gdp,FS.AST.PRVT.GD.ZS,"Domestic credit to private sector, % of GDP"
ES,Spain,2017,105.15698823272,domestic_credit_private_pct_gdp,FS.AST.PRVT.GD.ZS,"Domestic credit to private sector, % of GDP"
ES,Spain,2016,110.901834158974,domestic_credit_private_pct_gdp,FS.AST.PRVT.GD.ZS,"Domestic credit to private sector, % of GDP"
ES,Spain,2015,118.216890256018,domestic_credit_private_pct_gdp,FS.AST.PRVT.GD.ZS,"Domestic credit to private sector, % of GDP"
ES,Spain,2014,129.358996447371,domestic_credit_private_pct_gdp,FS.AST.PRVT.GD.ZS,"Domestic credit to private sector, % of GDP"
ES,Spain,2013,145.759575372544,domestic_credit_private_pct_gdp,FS.AST.PRVT.GD.ZS,"Domestic credit to private sector, % of GDP"
ES,Spain,2012,157.434331694924,domestic_credit_private_pct_gdp,FS.AST.PRVT.GD.ZS,"Domestic credit to private sector, % of GDP"
ES,Spain,2011,167.027107954599,domestic_credit_private_pct_gdp,FS.AST.PRVT.GD.ZS,"Domestic credit to private sector, % of GDP"
ES,Spain,2010,171.325123358508,domestic_credit_private_pct_gdp,FS.AST.PRVT.GD.ZS,"Domestic credit to private sector, % of GDP"
ES,Spain,2009,173.382324159591,domestic_credit_private_pct_gdp,FS.AST.PRVT.GD.ZS,"Domestic credit to private sector, % of GDP"
FI,Finland,2025,,domestic_credit_private_pct_gdp,FS.AST.PRVT.GD.ZS,"Domestic credit to private sector, % of GDP"
FI,Finland,2024,92.0344393994847,domestic_credit_private_pct_gdp,FS.AST.PRVT.GD.ZS,"Domestic credit to private sector, % of GDP"
FI,Finland,2023,93.2665806602944,domestic_credit_private_pct_gdp,FS.AST.PRVT.GD.ZS,"Domestic credit to private sector, % of GDP"
FI,Finland,2022,96.1977943524903,domestic_credit_private_pct_gdp,FS.AST.PRVT.GD.ZS,"Domestic credit to private sector, % of GDP"
FI,Finland,2021,100.140293611616,domestic_credit_private_pct_gdp,FS.AST.PRVT.GD.ZS,"Domestic credit to private sector, % of GDP"
FI,Finland,2020,101.738251257472,domestic_credit_private_pct_gdp,FS.AST.PRVT.GD.ZS,"Domestic credit to private sector, % of GDP"
FI,Finland,2019,95.9193855390369,domestic_credit_private_pct_gdp,FS.AST.PRVT.GD.ZS,"Domestic credit to private sector, % of GDP"
FI,Finland,2018,94.8815247622949,domestic_credit_private_pct_gdp,FS.AST.PRVT.GD.ZS,"Domestic credit to private sector, % of GDP"
FI,Finland,2017,94.0317570514361,domestic_credit_private_pct_gdp,FS.AST.PRVT.GD.ZS,"Domestic credit to private sector, % of GDP"
FI,Finland,2016,94.7843702628907,domestic_credit_private_pct_gdp,FS.AST.PRVT.GD.ZS,"Domestic credit to private sector, % of GDP"
FI,Finland,2015,94.9850612773084,domestic_credit_private_pct_gdp,FS.AST.PRVT.GD.ZS,"Domestic credit to private sector, % of GDP"
FI,Finland,2014,93.3662043671516,domestic_credit_private_pct_gdp,FS.AST.PRVT.GD.ZS,"Domestic credit to private sector, % of GDP"
FI,Finland,2013,93.313414939778,domestic_credit_private_pct_gdp,FS.AST.PRVT.GD.ZS,"Domestic credit to private sector, % of GDP"
FI,Finland,2012,92.0754773478126,domestic_credit_private_pct_gdp,FS.AST.PRVT.GD.ZS,"Domestic credit to private sector, % of GDP"
FI,Finland,2011,89.5337836128608,domestic_credit_private_pct_gdp,FS.AST.PRVT.GD.ZS,"Domestic credit to private sector, % of GDP"
FI,Finland,2010,88.1332149861544,domestic_credit_private_pct_gdp,FS.AST.PRVT.GD.ZS,"Domestic credit to private sector, % of GDP"
FI,Finland,2009,86.308636201062,domestic_credit_private_pct_gdp,FS.AST.PRVT.GD.ZS,"Domestic credit to private sector, % of GDP"
FR,France,2025,,domestic_credit_private_pct_gdp,FS.AST.PRVT.GD.ZS,"Domestic credit to private sector, % of GDP"
FR,France,2024,107.58266062477,domestic_credit_private_pct_gdp,FS.AST.PRVT.GD.ZS,"Domestic credit to private sector, % of GDP"
FR,France,2023,112.567354839828,domestic_credit_private_pct_gdp,FS.AST.PRVT.GD.ZS,"Domestic credit to private sector, % of GDP"
FR,France,2022,119.290366998126,domestic_credit_private_pct_gdp,FS.AST.PRVT.GD.ZS,"Domestic credit to private sector, % of GDP"
FR,France,2021,120.721909947613,domestic_credit_private_pct_gdp,FS.AST.PRVT.GD.ZS,"Domestic credit to private sector, % of GDP"
FR,France,2020,125.397439701102,domestic_credit_private_pct_gdp,FS.AST.PRVT.GD.ZS,"Domestic credit to private sector, % of GDP"
FR,France,2019,106.913030586051,domestic_credit_private_pct_gdp,FS.AST.PRVT.GD.ZS,"Domestic credit to private sector, % of GDP"
FR,France,2018,104.624051971951,domestic_credit_private_pct_gdp,FS.AST.PRVT.GD.ZS,"Domestic credit to private sector, % of GDP"
FR,France,2017,101.617830234188,domestic_credit_private_pct_gdp,FS.AST.PRVT.GD.ZS,"Domestic credit to private sector, % of GDP"
FR,France,2016,97.4904687619857,domestic_credit_private_pct_gdp,FS.AST.PRVT.GD.ZS,"Domestic credit to private sector, % of GDP"
FR,France,2015,94.9454202268228,domestic_credit_private_pct_gdp,FS.AST.PRVT.GD.ZS,"Domestic credit to private sector, % of GDP"
FR,France,2014,93.9159081503646,domestic_credit_private_pct_gdp,FS.AST.PRVT.GD.ZS,"Domestic credit to private sector, % of GDP"
FR,France,2013,95.8769626871841,domestic_credit_private_pct_gdp,FS.AST.PRVT.GD.ZS,"Domestic credit to private sector, % of GDP"
FR,France,2012,96.5785492959372,domestic_credit_private_pct_gdp,FS.AST.PRVT.GD.ZS,"Domestic credit to private sector, % of GDP"
FR,France,2011,96.6491919516285,domestic_credit_private_pct_gdp,FS.AST.PRVT.GD.ZS,"Domestic credit to private sector, % of GDP"
FR,France,2010,95.8471452301569,domestic_credit_private_pct_gdp,FS.AST.PRVT.GD.ZS,"Domestic credit to private sector, % of GDP"
FR,France,2009,95.0966407247871,domestic_credit_private_pct_gdp,FS.AST.PRVT.GD.ZS,"Domestic credit to private sector, % of GDP"
GR,Greece,2025,,domestic_credit_private_pct_gdp,FS.AST.PRVT.GD.ZS,"Domestic credit to private sector, % of GDP"
GR,Greece,2024,48.5410004453358,domestic_credit_private_pct_gdp,FS.AST.PRVT.GD.ZS,"Domestic credit to private sector, % of GDP"
GR,Greece,2023,49.2157408211615,domestic_credit_private_pct_gdp,FS.AST.PRVT.GD.ZS,"Domestic credit to private sector, % of GDP"
GR,Greece,2022,52.4567421241532,domestic_credit_private_pct_gdp,FS.AST.PRVT.GD.ZS,"Domestic credit to private sector, % of GDP"
GR,Greece,2021,56.1973361608804,domestic_credit_private_pct_gdp,FS.AST.PRVT.GD.ZS,"Domestic credit to private sector, % of GDP"
GR,Greece,2020,81.2709751259998,domestic_credit_private_pct_gdp,FS.AST.PRVT.GD.ZS,"Domestic credit to private sector, % of GDP"
GR,Greece,2019,80.2122396702063,domestic_credit_private_pct_gdp,FS.AST.PRVT.GD.ZS,"Domestic credit to private sector, % of GDP"
GR,Greece,2018,91.2069328032117,domestic_credit_private_pct_gdp,FS.AST.PRVT.GD.ZS,"Domestic credit to private sector, % of GDP"
GR,Greece,2017,100.647509860794,domestic_credit_private_pct_gdp,FS.AST.PRVT.GD.ZS,"Domestic credit to private sector, % of GDP"
GR,Greece,2016,108.627097496027,domestic_credit_private_pct_gdp,FS.AST.PRVT.GD.ZS,"Domestic credit to private sector, % of GDP"
GR,Greece,2015,113.433357315224,domestic_credit_private_pct_gdp,FS.AST.PRVT.GD.ZS,"Domestic credit to private sector, % of GDP"
GR,Greece,2014,117.895057189809,domestic_credit_private_pct_gdp,FS.AST.PRVT.GD.ZS,"Domestic credit to private sector, % of GDP"
GR,Greece,2013,119.790203680738,domestic_credit_private_pct_gdp,FS.AST.PRVT.GD.ZS,"Domestic credit to private sector, % of GDP"
GR,Greece,2012,120.147931380692,domestic_credit_private_pct_gdp,FS.AST.PRVT.GD.ZS,"Domestic credit to private sector, % of GDP"
GR,Greece,2011,119.201382534538,domestic_credit_private_pct_gdp,FS.AST.PRVT.GD.ZS,"Domestic credit to private sector, % of GDP"
GR,Greece,2010,112.814277336853,domestic_credit_private_pct_gdp,FS.AST.PRVT.GD.ZS,"Domestic credit to private sector, % of GDP"
GR,Greece,2009,89.22442515662,domestic_credit_private_pct_gdp,FS.AST.PRVT.GD.ZS,"Domestic credit to private sector, % of GDP"
IE,Ireland,2025,,domestic_credit_private_pct_gdp,FS.AST.PRVT.GD.ZS,"Domestic credit to private sector, % of GDP"
IE,Ireland,2024,23.7845375555383,domestic_credit_private_pct_gdp,FS.AST.PRVT.GD.ZS,"Domestic credit to private sector, % of GDP"
IE,Ireland,2023,25.2225553670442,domestic_credit_private_pct_gdp,FS.AST.PRVT.GD.ZS,"Domestic credit to private sector, % of GDP"
IE,Ireland,2022,25.4419666716094,domestic_credit_private_pct_gdp,FS.AST.PRVT.GD.ZS,"Domestic credit to private sector, % of GDP"
IE,Ireland,2021,26.4830620089049,domestic_credit_private_pct_gdp,FS.AST.PRVT.GD.ZS,"Domestic credit to private sector, % of GDP"
IE,Ireland,2020,32.3402464273232,domestic_credit_private_pct_gdp,FS.AST.PRVT.GD.ZS,"Domestic credit to private sector, % of GDP"
IE,Ireland,2019,36.0552722551197,domestic_credit_private_pct_gdp,FS.AST.PRVT.GD.ZS,"Domestic credit to private sector, % of GDP"
IE,Ireland,2018,39.7179106627463,domestic_credit_private_pct_gdp,FS.AST.PRVT.GD.ZS,"Domestic credit to private sector, % of GDP"
IE,Ireland,2017,42.6227340344542,domestic_credit_private_pct_gdp,FS.AST.PRVT.GD.ZS,"Domestic credit to private sector, % of GDP"
IE,Ireland,2016,47.386841437796,domestic_credit_private_pct_gdp,FS.AST.PRVT.GD.ZS,"Domestic credit to private sector, % of GDP"
IE,Ireland,2015,51.2657972598874,domestic_credit_private_pct_gdp,FS.AST.PRVT.GD.ZS,"Domestic credit to private sector, % of GDP"
IE,Ireland,2014,78.3674079003117,domestic_credit_private_pct_gdp,FS.AST.PRVT.GD.ZS,"Domestic credit to private sector, % of GDP"
IE,Ireland,2013,102.404683746299,domestic_credit_private_pct_gdp,FS.AST.PRVT.GD.ZS,"Domestic credit to private sector, % of GDP"
IE,Ireland,2012,110.636331079402,domestic_credit_private_pct_gdp,FS.AST.PRVT.GD.ZS,"Domestic credit to private sector, % of GDP"
IE,Ireland,2011,114.741522540828,domestic_credit_private_pct_gdp,FS.AST.PRVT.GD.ZS,"Domestic credit to private sector, % of GDP"
IE,Ireland,2010,133.426753126152,domestic_credit_private_pct_gdp,FS.AST.PRVT.GD.ZS,"Domestic credit to private sector, % of GDP"
IE,Ireland,2009,169.252292209815,domestic_credit_private_pct_gdp,FS.AST.PRVT.GD.ZS,"Domestic credit to private sector, % of GDP"
IT,Italy,2025,,domestic_credit_private_pct_gdp,FS.AST.PRVT.GD.ZS,"Domestic credit to private sector, % of GDP"
IT,Italy,2024,60.3701258499539,domestic_credit_private_pct_gdp,FS.AST.PRVT.GD.ZS,"Domestic credit to private sector, % of GDP"
IT,Italy,2023,63.1270384971691,domestic_credit_private_pct_gdp,FS.AST.PRVT.GD.ZS,"Domestic credit to private sector, % of GDP"
IT,Italy,2022,69.5868608578087,domestic_credit_private_pct_gdp,FS.AST.PRVT.GD.ZS,"Domestic credit to private sector, % of GDP"
IT,Italy,2021,76.0051221503914,domestic_credit_private_pct_gdp,FS.AST.PRVT.GD.ZS,"Domestic credit to private sector, % of GDP"
IT,Italy,2020,82.6528242104143,domestic_credit_private_pct_gdp,FS.AST.PRVT.GD.ZS,"Domestic credit to private sector, % of GDP"
IT,Italy,2019,73.4404069738438,domestic_credit_private_pct_gdp,FS.AST.PRVT.GD.ZS,"Domestic credit to private sector, % of GDP"
IT,Italy,2018,76.4482228153834,domestic_credit_private_pct_gdp,FS.AST.PRVT.GD.ZS,"Domestic credit to private sector, % of GDP"
IT,Italy,2017,80.4167170633531,domestic_credit_private_pct_gdp,FS.AST.PRVT.GD.ZS,"Domestic credit to private sector, % of GDP"
IT,Italy,2016,84.4917347012215,domestic_credit_private_pct_gdp,FS.AST.PRVT.GD.ZS,"Domestic credit to private sector, % of GDP"
IT,Italy,2015,86.9158529570859,domestic_credit_private_pct_gdp,FS.AST.PRVT.GD.ZS,"Domestic credit to private sector, % of GDP"
IT,Italy,2014,88.187471051349,domestic_credit_private_pct_gdp,FS.AST.PRVT.GD.ZS,"Domestic credit to private sector, % of GDP"
IT,Italy,2013,90.3656642019387,domestic_credit_private_pct_gdp,FS.AST.PRVT.GD.ZS,"Domestic credit to private sector, % of GDP"
IT,Italy,2012,93.2686875516145,domestic_credit_private_pct_gdp,FS.AST.PRVT.GD.ZS,"Domestic credit to private sector, % of GDP"
IT,Italy,2011,93.5718818734975,domestic_credit_private_pct_gdp,FS.AST.PRVT.GD.ZS,"Domestic credit to private sector, % of GDP"
IT,Italy,2010,92.6676294931465,domestic_credit_private_pct_gdp,FS.AST.PRVT.GD.ZS,"Domestic credit to private sector, % of GDP"
IT,Italy,2009,87.1861669932861,domestic_credit_private_pct_gdp,FS.AST.PRVT.GD.ZS,"Domestic credit to private sector, % of GDP"
NL,Netherlands,2025,,domestic_credit_private_pct_gdp,FS.AST.PRVT.GD.ZS,"Domestic credit to private sector, % of GDP"
NL,Netherlands,2024,82.3320940898509,domestic_credit_private_pct_gdp,FS.AST.PRVT.GD.ZS,"Domestic credit to private sector, % of GDP"
NL,Netherlands,2023,85.4757445009347,domestic_credit_private_pct_gdp,FS.AST.PRVT.GD.ZS,"Domestic credit to private sector, % of GDP"
NL,Netherlands,2022,88.8195045380451,domestic_credit_private_pct_gdp,FS.AST.PRVT.GD.ZS,"Domestic credit to private sector, % of GDP"
NL,Netherlands,2021,93.8807694464696,domestic_credit_private_pct_gdp,FS.AST.PRVT.GD.ZS,"Domestic credit to private sector, % of GDP"
NL,Netherlands,2020,100.352006153371,domestic_credit_private_pct_gdp,FS.AST.PRVT.GD.ZS,"Domestic credit to private sector, % of GDP"
NL,Netherlands,2019,98.6368462471995,domestic_credit_private_pct_gdp,FS.AST.PRVT.GD.ZS,"Domestic credit to private sector, % of GDP"
NL,Netherlands,2018,103.705449062777,domestic_credit_private_pct_gdp,FS.AST.PRVT.GD.ZS,"Domestic credit to private sector, % of GDP"
NL,Netherlands,2017,109.26176749092,domestic_credit_private_pct_gdp,FS.AST.PRVT.GD.ZS,"Domestic credit to private sector, % of GDP"
NL,Netherlands,2016,112.688166070747,domestic_credit_private_pct_gdp,FS.AST.PRVT.GD.ZS,"Domestic credit to private sector, % of GDP"
NL,Netherlands,2015,110.135230807738,domestic_credit_private_pct_gdp,FS.AST.PRVT.GD.ZS,"Domestic credit to private sector, % of GDP"
NL,Netherlands,2014,115.205849457802,domestic_credit_private_pct_gdp,FS.AST.PRVT.GD.ZS,"Domestic credit to private sector, % of GDP"
NL,Netherlands,2013,112.969994005111,domestic_credit_private_pct_gdp,FS.AST.PRVT.GD.ZS,"Domestic credit to private sector, % of GDP"
NL,Netherlands,2012,116.013958604261,domestic_credit_private_pct_gdp,FS.AST.PRVT.GD.ZS,"Domestic credit to private sector, % of GDP"
NL,Netherlands,2011,113.516935353618,domestic_credit_private_pct_gdp,FS.AST.PRVT.GD.ZS,"Domestic credit to private sector, % of GDP"
NL,Netherlands,2010,112.995200786287,domestic_credit_private_pct_gdp,FS.AST.PRVT.GD.ZS,"Domestic credit to private sector, % of GDP"
NL,Netherlands,2009,116.241095699118,domestic_credit_private_pct_gdp,FS.AST.PRVT.GD.ZS,"Domestic credit to private sector, % of GDP"
PT,Portugal,2025,,domestic_credit_private_pct_gdp,FS.AST.PRVT.GD.ZS,"Domestic credit to private sector, % of GDP"
PT,Portugal,2024,77.2131206543744,domestic_credit_private_pct_gdp,FS.AST.PRVT.GD.ZS,"Domestic credit to private sector, % of GDP"
PT,Portugal,2023,80.2271063662543,domestic_credit_private_pct_gdp,FS.AST.PRVT.GD.ZS,"Domestic credit to private sector, % of GDP"
PT,Portugal,2022,89.4563111808935,domestic_credit_private_pct_gdp,FS.AST.PRVT.GD.ZS,"Domestic credit to private sector, % of GDP"
PT,Portugal,2021,98.848509456936,domestic_credit_private_pct_gdp,FS.AST.PRVT.GD.ZS,"Domestic credit to private sector, % of GDP"
PT,Portugal,2020,104.074185342131,domestic_credit_private_pct_gdp,FS.AST.PRVT.GD.ZS,"Domestic credit to private sector, % of GDP"
PT,Portugal,2019,93.35554945374,domestic_credit_private_pct_gdp,FS.AST.PRVT.GD.ZS,"Domestic credit to private sector, % of GDP"
PT,Portugal,2018,97.0963051936704,domestic_credit_private_pct_gdp,FS.AST.PRVT.GD.ZS,"Domestic credit to private sector, % of GDP"
PT,Portugal,2017,102.855290609028,domestic_credit_private_pct_gdp,FS.AST.PRVT.GD.ZS,"Domestic credit to private sector, % of GDP"
PT,Portugal,2016,111.328568595891,domestic_credit_private_pct_gdp,FS.AST.PRVT.GD.ZS,"Domestic credit to private sector, % of GDP"
PT,Portugal,2015,120.048513231382,domestic_credit_private_pct_gdp,FS.AST.PRVT.GD.ZS,"Domestic credit to private sector, % of GDP"
PT,Portugal,2014,129.651173714521,domestic_credit_private_pct_gdp,FS.AST.PRVT.GD.ZS,"Domestic credit to private sector, % of GDP"
PT,Portugal,2013,142.933688214656,domestic_credit_private_pct_gdp,FS.AST.PRVT.GD.ZS,"Domestic credit to private sector, % of GDP"
PT,Portugal,2012,152.728675156307,domestic_credit_private_pct_gdp,FS.AST.PRVT.GD.ZS,"Domestic credit to private sector, % of GDP"
PT,Portugal,2011,156.062341019849,domestic_credit_private_pct_gdp,FS.AST.PRVT.GD.ZS,"Domestic credit to private sector, % of GDP"
PT,Portugal,2010,155.388888349273,domestic_credit_private_pct_gdp,FS.AST.PRVT.GD.ZS,"Domestic credit to private sector, % of GDP"
PT,Portugal,2009,159.861301937173,domestic_credit_private_pct_gdp,FS.AST.PRVT.GD.ZS,"Domestic credit to private sector, % of GDP"
SK,Slovak Republic,2025,,domestic_credit_private_pct_gdp,FS.AST.PRVT.GD.ZS,"Domestic credit to private sector, % of GDP"
SK,Slovak Republic,2024,59.6509018833935,domestic_credit_private_pct_gdp,FS.AST.PRVT.GD.ZS,"Domestic credit to private sector, % of GDP"
SK,Slovak Republic,2023,61.4622634277722,domestic_credit_private_pct_gdp,FS.AST.PRVT.GD.ZS,"Domestic credit to private sector, % of GDP"
SK,Slovak Republic,2022,66.7389252233433,domestic_credit_private_pct_gdp,FS.AST.PRVT.GD.ZS,"Domestic credit to private sector, % of GDP"
SK,Slovak Republic,2021,65.1124824665326,domestic_credit_private_pct_gdp,FS.AST.PRVT.GD.ZS,"Domestic credit to private sector, % of GDP"
SK,Slovak Republic,2020,65.647590409826,domestic_credit_private_pct_gdp,FS.AST.PRVT.GD.ZS,"Domestic credit to private sector, % of GDP"
SK,Slovak Republic,2019,62.4645072522501,domestic_credit_private_pct_gdp,FS.AST.PRVT.GD.ZS,"Domestic credit to private sector, % of GDP"
SK,Slovak Republic,2018,61.4419464182066,domestic_credit_private_pct_gdp,FS.AST.PRVT.GD.ZS,"Domestic credit to private sector, % of GDP"
SK,Slovak Republic,2017,59.8779995896911,domestic_credit_private_pct_gdp,FS.AST.PRVT.GD.ZS,"Domestic credit to private sector, % of GDP"
SK,Slovak Republic,2016,56.6716350835336,domestic_credit_private_pct_gdp,FS.AST.PRVT.GD.ZS,"Domestic credit to private sector, % of GDP"
SK,Slovak Republic,2015,52.3332827421394,domestic_credit_private_pct_gdp,FS.AST.PRVT.GD.ZS,"Domestic credit to private sector, % of GDP"
SK,Slovak Republic,2014,49.5007725734467,domestic_credit_private_pct_gdp,FS.AST.PRVT.GD.ZS,"Domestic credit to private sector, % of GDP"
SK,Slovak Republic,2013,47.6850567150792,domestic_credit_private_pct_gdp,FS.AST.PRVT.GD.ZS,"Domestic credit to private sector, % of GDP"
SK,Slovak Republic,2012,46.1588560713764,domestic_credit_private_pct_gdp,FS.AST.PRVT.GD.ZS,"Domestic credit to private sector, % of GDP"
SK,Slovak Republic,2011,46.0061634074872,domestic_credit_private_pct_gdp,FS.AST.PRVT.GD.ZS,"Domestic credit to private sector, % of GDP"
SK,Slovak Republic,2010,44.343508773778,domestic_credit_private_pct_gdp,FS.AST.PRVT.GD.ZS,"Domestic credit to private sector, % of GDP"
SK,Slovak Republic,2009,44.9194546305034,domestic_credit_private_pct_gdp,FS.AST.PRVT.GD.ZS,"Domestic credit to private sector, % of GDP"
